StateFIPS	CountyFIPS_3	CountyName	StateName	CountyFIPS
01	001	Autauga	Alabama	01001
01	003	Baldwin	Alabama	01003
01	005	Barbour	Alabama	01005
01	007	Bibb	Alabama	01007
01	009	Blount	Alabama	01009
01	011	Bullock	Alabama	01011
01	013	Butler	Alabama	01013
01	015	Calhoun	Alabama	01015
01	017	Chambers	Alabama	01017
01	019	Cherokee	Alabama	01019
01	021	Chilton	Alabama	01021
01	023	Choctaw	Alabama	01023
01	025	Clarke	Alabama	01025
01	027	Clay	Alabama	01027
01	029	Cleburne	Alabama	01029
01	031	Coffee	Alabama	01031
01	033	Colbert	Alabama	01033
01	035	Conecuh	Alabama	01035
01	037	Coosa	Alabama	01037
01	039	Covington	Alabama	01039
01	041	Crenshaw	Alabama	01041
01	043	Cullman	Alabama	01043
01	045	Dale	Alabama	01045
01	047	Dallas	Alabama	01047
01	049	DeKalb	Alabama	01049
01	051	Elmore	Alabama	01051
01	053	Escambia	Alabama	01053
01	055	Etowah	Alabama	01055
01	057	Fayette	Alabama	01057
01	059	Franklin	Alabama	01059
01	061	Geneva	Alabama	01061
01	063	Greene	Alabama	01063
01	065	Hale	Alabama	01065
01	067	Henry	Alabama	01067
01	069	Houston	Alabama	01069
01	071	Jackson	Alabama	01071
01	073	Jefferson	Alabama	01073
01	075	Lamar	Alabama	01075
01	077	Lauderdale	Alabama	01077
01	079	Lawrence	Alabama	01079
01	081	Lee	Alabama	01081
01	083	Limestone	Alabama	01083
01	085	Lowndes	Alabama	01085
01	087	Macon	Alabama	01087
01	089	Madison	Alabama	01089
01	091	Marengo	Alabama	01091
01	093	Marion	Alabama	01093
01	095	Marshall	Alabama	01095
01	097	Mobile	Alabama	01097
01	099	Monroe	Alabama	01099
01	101	Montgomery	Alabama	01101
01	103	Morgan	Alabama	01103
01	105	Perry	Alabama	01105
01	107	Pickens	Alabama	01107
01	109	Pike	Alabama	01109
01	111	Randolph	Alabama	01111
01	113	Russell	Alabama	01113
01	115	St. Clair	Alabama	01115
01	117	Shelby	Alabama	01117
01	119	Sumter	Alabama	01119
01	121	Talladega	Alabama	01121
01	123	Tallapoosa	Alabama	01123
01	125	Tuscaloosa	Alabama	01125
01	127	Walker	Alabama	01127
01	129	Washington	Alabama	01129
01	131	Wilcox	Alabama	01131
01	133	Winston	Alabama	01133
02	013	Aleutians East Borough	Alaska	02013
02	016	Aleutians West Census Area	Alaska	02016
02	020	Anchorage Municipality	Alaska	02020
02	050	Bethel Census Area	Alaska	02050
02	060	Bristol Bay Borough	Alaska	02060
02	068	Denali Borough	Alaska	02068
02	070	Dillingham Census Area	Alaska	02070
02	090	Fairbanks North Star Borough	Alaska	02090
02	100	Haines Borough	Alaska	02100
02	105	Hoonah-Angoon Census Area	Alaska	02105
02	110	Juneau City and Borough	Alaska	02110
02	122	Kenai Peninsula Borough	Alaska	02122
02	130	Ketchikan Gateway Borough	Alaska	02130
02	150	Kodiak Island Borough	Alaska	02150
02	158	Kusilvak Census Area	Alaska	02158
02	164	Lake and Peninsula Borough	Alaska	02164
02	170	Matanuska-Susitna Borough	Alaska	02170
02	180	Nome Census Area	Alaska	02180
02	185	North Slope Borough	Alaska	02185
02	188	Northwest Arctic Borough	Alaska	02188
02	195	Petersburg Borough	Alaska	02195
02	198	Prince of Wales-Hyder Census Area	Alaska	02198
02	220	Sitka City and Borough	Alaska	02220
02	230	Skagway Municipality	Alaska	02230
02	240	Southeast Fairbanks Census Area	Alaska	02240
02	261	Valdez-Cordova Census Area	Alaska	02261
02	275	Wrangell City and Borough	Alaska	02275
02	282	Yakutat City and Borough	Alaska	02282
02	290	Yukon-Koyukuk Census Area	Alaska	02290
04	001	Apache	Arizona	04001
04	003	Cochise	Arizona	04003
04	005	Coconino	Arizona	04005
04	007	Gila	Arizona	04007
04	009	Graham	Arizona	04009
04	011	Greenlee	Arizona	04011
04	012	La Paz	Arizona	04012
04	013	Maricopa	Arizona	04013
04	015	Mohave	Arizona	04015
04	017	Navajo	Arizona	04017
04	019	Pima	Arizona	04019
04	021	Pinal	Arizona	04021
04	023	Santa Cruz	Arizona	04023
04	025	Yavapai	Arizona	04025
04	027	Yuma	Arizona	04027
05	001	Arkansas	Arkansas	05001
05	003	Ashley	Arkansas	05003
05	005	Baxter	Arkansas	05005
05	007	Benton	Arkansas	05007
05	009	Boone	Arkansas	05009
05	011	Bradley	Arkansas	05011
05	013	Calhoun	Arkansas	05013
05	015	Carroll	Arkansas	05015
05	017	Chicot	Arkansas	05017
05	019	Clark	Arkansas	05019
05	021	Clay	Arkansas	05021
05	023	Cleburne	Arkansas	05023
05	025	Cleveland	Arkansas	05025
05	027	Columbia	Arkansas	05027
05	029	Conway	Arkansas	05029
05	031	Craighead	Arkansas	05031
05	033	Crawford	Arkansas	05033
05	035	Crittenden	Arkansas	05035
05	037	Cross	Arkansas	05037
05	039	Dallas	Arkansas	05039
05	041	Desha	Arkansas	05041
05	043	Drew	Arkansas	05043
05	045	Faulkner	Arkansas	05045
05	047	Franklin	Arkansas	05047
05	049	Fulton	Arkansas	05049
05	051	Garland	Arkansas	05051
05	053	Grant	Arkansas	05053
05	055	Greene	Arkansas	05055
05	057	Hempstead	Arkansas	05057
05	059	Hot Spring	Arkansas	05059
05	061	Howard	Arkansas	05061
05	063	Independence	Arkansas	05063
05	065	Izard	Arkansas	05065
05	067	Jackson	Arkansas	05067
05	069	Jefferson	Arkansas	05069
05	071	Johnson	Arkansas	05071
05	073	Lafayette	Arkansas	05073
05	075	Lawrence	Arkansas	05075
05	077	Lee	Arkansas	05077
05	079	Lincoln	Arkansas	05079
05	081	Little River	Arkansas	05081
05	083	Logan	Arkansas	05083
05	085	Lonoke	Arkansas	05085
05	087	Madison	Arkansas	05087
05	089	Marion	Arkansas	05089
05	091	Miller	Arkansas	05091
05	093	Mississippi	Arkansas	05093
05	095	Monroe	Arkansas	05095
05	097	Montgomery	Arkansas	05097
05	099	Nevada	Arkansas	05099
05	101	Newton	Arkansas	05101
05	103	Ouachita	Arkansas	05103
05	105	Perry	Arkansas	05105
05	107	Phillips	Arkansas	05107
05	109	Pike	Arkansas	05109
05	111	Poinsett	Arkansas	05111
05	113	Polk	Arkansas	05113
05	115	Pope	Arkansas	05115
05	117	Prairie	Arkansas	05117
05	119	Pulaski	Arkansas	05119
05	121	Randolph	Arkansas	05121
05	123	St. Francis	Arkansas	05123
05	125	Saline	Arkansas	05125
05	127	Scott	Arkansas	05127
05	129	Searcy	Arkansas	05129
05	131	Sebastian	Arkansas	05131
05	133	Sevier	Arkansas	05133
05	135	Sharp	Arkansas	05135
05	137	Stone	Arkansas	05137
05	139	Union	Arkansas	05139
05	141	Van Buren	Arkansas	05141
05	143	Washington	Arkansas	05143
05	145	White	Arkansas	05145
05	147	Woodruff	Arkansas	05147
05	149	Yell	Arkansas	05149
06	001	Alameda	California	06001
06	003	Alpine	California	06003
06	005	Amador	California	06005
06	007	Butte	California	06007
06	009	Calaveras	California	06009
06	011	Colusa	California	06011
06	013	Contra Costa	California	06013
06	015	Del Norte	California	06015
06	017	El Dorado	California	06017
06	019	Fresno	California	06019
06	021	Glenn	California	06021
06	023	Humboldt	California	06023
06	025	Imperial	California	06025
06	027	Inyo	California	06027
06	029	Kern	California	06029
06	031	Kings	California	06031
06	033	Lake	California	06033
06	035	Lassen	California	06035
06	037	Los Angeles	California	06037
06	039	Madera	California	06039
06	041	Marin	California	06041
06	043	Mariposa	California	06043
06	045	Mendocino	California	06045
06	047	Merced	California	06047
06	049	Modoc	California	06049
06	051	Mono	California	06051
06	053	Monterey	California	06053
06	055	Napa	California	06055
06	057	Nevada	California	06057
06	059	Orange	California	06059
06	061	Placer	California	06061
06	063	Plumas	California	06063
06	065	Riverside	California	06065
06	067	Sacramento	California	06067
06	069	San Benito	California	06069
06	071	San Bernardino	California	06071
06	073	San Diego	California	06073
06	075	San Francisco	California	06075
06	077	San Joaquin	California	06077
06	079	San Luis Obispo	California	06079
06	081	San Mateo	California	06081
06	083	Santa Barbara	California	06083
06	085	Santa Clara	California	06085
06	087	Santa Cruz	California	06087
06	089	Shasta	California	06089
06	091	Sierra	California	06091
06	093	Siskiyou	California	06093
06	095	Solano	California	06095
06	097	Sonoma	California	06097
06	099	Stanislaus	California	06099
06	101	Sutter	California	06101
06	103	Tehama	California	06103
06	105	Trinity	California	06105
06	107	Tulare	California	06107
06	109	Tuolumne	California	06109
06	111	Ventura	California	06111
06	113	Yolo	California	06113
06	115	Yuba	California	06115
08	001	Adams	Colorado	08001
08	003	Alamosa	Colorado	08003
08	005	Arapahoe	Colorado	08005
08	007	Archuleta	Colorado	08007
08	009	Baca	Colorado	08009
08	011	Bent	Colorado	08011
08	013	Boulder	Colorado	08013
08	014	Broomfield	Colorado	08014
08	015	Chaffee	Colorado	08015
08	017	Cheyenne	Colorado	08017
08	019	Clear Creek	Colorado	08019
08	021	Conejos	Colorado	08021
08	023	Costilla	Colorado	08023
08	025	Crowley	Colorado	08025
08	027	Custer	Colorado	08027
08	029	Delta	Colorado	08029
08	031	Denver	Colorado	08031
08	033	Dolores	Colorado	08033
08	035	Douglas	Colorado	08035
08	037	Eagle	Colorado	08037
08	039	Elbert	Colorado	08039
08	041	El Paso	Colorado	08041
08	043	Fremont	Colorado	08043
08	045	Garfield	Colorado	08045
08	047	Gilpin	Colorado	08047
08	049	Grand	Colorado	08049
08	051	Gunnison	Colorado	08051
08	053	Hinsdale	Colorado	08053
08	055	Huerfano	Colorado	08055
08	057	Jackson	Colorado	08057
08	059	Jefferson	Colorado	08059
08	061	Kiowa	Colorado	08061
08	063	Kit Carson	Colorado	08063
08	065	Lake	Colorado	08065
08	067	La Plata	Colorado	08067
08	069	Larimer	Colorado	08069
08	071	Las Animas	Colorado	08071
08	073	Lincoln	Colorado	08073
08	075	Logan	Colorado	08075
08	077	Mesa	Colorado	08077
08	079	Mineral	Colorado	08079
08	081	Moffat	Colorado	08081
08	083	Montezuma	Colorado	08083
08	085	Montrose	Colorado	08085
08	087	Morgan	Colorado	08087
08	089	Otero	Colorado	08089
08	091	Ouray	Colorado	08091
08	093	Park	Colorado	08093
08	095	Phillips	Colorado	08095
08	097	Pitkin	Colorado	08097
08	099	Prowers	Colorado	08099
08	101	Pueblo	Colorado	08101
08	103	Rio Blanco	Colorado	08103
08	105	Rio Grande	Colorado	08105
08	107	Routt	Colorado	08107
08	109	Saguache	Colorado	08109
08	111	San Juan	Colorado	08111
08	113	San Miguel	Colorado	08113
08	115	Sedgwick	Colorado	08115
08	117	Summit	Colorado	08117
08	119	Teller	Colorado	08119
08	121	Washington	Colorado	08121
08	123	Weld	Colorado	08123
08	125	Yuma	Colorado	08125
09	001	Fairfield	Connecticut	09001
09	003	Hartford	Connecticut	09003
09	005	Litchfield	Connecticut	09005
09	007	Middlesex	Connecticut	09007
09	009	New Haven	Connecticut	09009
09	011	New London	Connecticut	09011
09	013	Tolland	Connecticut	09013
09	015	Windham	Connecticut	09015
10	001	Kent	Delaware	10001
10	003	New Castle	Delaware	10003
10	005	Sussex	Delaware	10005
11	001	District of Columbia	District of Columbia	11001
12	001	Alachua	Florida	12001
12	003	Baker	Florida	12003
12	005	Bay	Florida	12005
12	007	Bradford	Florida	12007
12	009	Brevard	Florida	12009
12	011	Broward	Florida	12011
12	013	Calhoun	Florida	12013
12	015	Charlotte	Florida	12015
12	017	Citrus	Florida	12017
12	019	Clay	Florida	12019
12	021	Collier	Florida	12021
12	023	Columbia	Florida	12023
12	027	DeSoto	Florida	12027
12	029	Dixie	Florida	12029
12	031	Duval	Florida	12031
12	033	Escambia	Florida	12033
12	035	Flagler	Florida	12035
12	037	Franklin	Florida	12037
12	039	Gadsden	Florida	12039
12	041	Gilchrist	Florida	12041
12	043	Glades	Florida	12043
12	045	Gulf	Florida	12045
12	047	Hamilton	Florida	12047
12	049	Hardee	Florida	12049
12	051	Hendry	Florida	12051
12	053	Hernando	Florida	12053
12	055	Highlands	Florida	12055
12	057	Hillsborough	Florida	12057
12	059	Holmes	Florida	12059
12	061	Indian River	Florida	12061
12	063	Jackson	Florida	12063
12	065	Jefferson	Florida	12065
12	067	Lafayette	Florida	12067
12	069	Lake	Florida	12069
12	071	Lee	Florida	12071
12	073	Leon	Florida	12073
12	075	Levy	Florida	12075
12	077	Liberty	Florida	12077
12	079	Madison	Florida	12079
12	081	Manatee	Florida	12081
12	083	Marion	Florida	12083
12	085	Martin	Florida	12085
12	086	Miami-Dade	Florida	12086
12	087	Monroe	Florida	12087
12	089	Nassau	Florida	12089
12	091	Okaloosa	Florida	12091
12	093	Okeechobee	Florida	12093
12	095	Orange	Florida	12095
12	097	Osceola	Florida	12097
12	099	Palm Beach	Florida	12099
12	101	Pasco	Florida	12101
12	103	Pinellas	Florida	12103
12	105	Polk	Florida	12105
12	107	Putnam	Florida	12107
12	109	St. Johns	Florida	12109
12	111	St. Lucie	Florida	12111
12	113	Santa Rosa	Florida	12113
12	115	Sarasota	Florida	12115
12	117	Seminole	Florida	12117
12	119	Sumter	Florida	12119
12	121	Suwannee	Florida	12121
12	123	Taylor	Florida	12123
12	125	Union	Florida	12125
12	127	Volusia	Florida	12127
12	129	Wakulla	Florida	12129
12	131	Walton	Florida	12131
12	133	Washington	Florida	12133
13	001	Appling	Georgia	13001
13	003	Atkinson	Georgia	13003
13	005	Bacon	Georgia	13005
13	007	Baker	Georgia	13007
13	009	Baldwin	Georgia	13009
13	011	Banks	Georgia	13011
13	013	Barrow	Georgia	13013
13	015	Bartow	Georgia	13015
13	017	Ben Hill	Georgia	13017
13	019	Berrien	Georgia	13019
13	021	Bibb	Georgia	13021
13	023	Bleckley	Georgia	13023
13	025	Brantley	Georgia	13025
13	027	Brooks	Georgia	13027
13	029	Bryan	Georgia	13029
13	031	Bulloch	Georgia	13031
13	033	Burke	Georgia	13033
13	035	Butts	Georgia	13035
13	037	Calhoun	Georgia	13037
13	039	Camden	Georgia	13039
13	043	Candler	Georgia	13043
13	045	Carroll	Georgia	13045
13	047	Catoosa	Georgia	13047
13	049	Charlton	Georgia	13049
13	051	Chatham	Georgia	13051
13	053	Chattahoochee	Georgia	13053
13	055	Chattooga	Georgia	13055
13	057	Cherokee	Georgia	13057
13	059	Clarke	Georgia	13059
13	061	Clay	Georgia	13061
13	063	Clayton	Georgia	13063
13	065	Clinch	Georgia	13065
13	067	Cobb	Georgia	13067
13	069	Coffee	Georgia	13069
13	071	Colquitt	Georgia	13071
13	073	Columbia	Georgia	13073
13	075	Cook	Georgia	13075
13	077	Coweta	Georgia	13077
13	079	Crawford	Georgia	13079
13	081	Crisp	Georgia	13081
13	083	Dade	Georgia	13083
13	085	Dawson	Georgia	13085
13	087	Decatur	Georgia	13087
13	089	DeKalb	Georgia	13089
13	091	Dodge	Georgia	13091
13	093	Dooly	Georgia	13093
13	095	Dougherty	Georgia	13095
13	097	Douglas	Georgia	13097
13	099	Early	Georgia	13099
13	101	Echols	Georgia	13101
13	103	Effingham	Georgia	13103
13	105	Elbert	Georgia	13105
13	107	Emanuel	Georgia	13107
13	109	Evans	Georgia	13109
13	111	Fannin	Georgia	13111
13	113	Fayette	Georgia	13113
13	115	Floyd	Georgia	13115
13	117	Forsyth	Georgia	13117
13	119	Franklin	Georgia	13119
13	121	Fulton	Georgia	13121
13	123	Gilmer	Georgia	13123
13	125	Glascock	Georgia	13125
13	127	Glynn	Georgia	13127
13	129	Gordon	Georgia	13129
13	131	Grady	Georgia	13131
13	133	Greene	Georgia	13133
13	135	Gwinnett	Georgia	13135
13	137	Habersham	Georgia	13137
13	139	Hall	Georgia	13139
13	141	Hancock	Georgia	13141
13	143	Haralson	Georgia	13143
13	145	Harris	Georgia	13145
13	147	Hart	Georgia	13147
13	149	Heard	Georgia	13149
13	151	Henry	Georgia	13151
13	153	Houston	Georgia	13153
13	155	Irwin	Georgia	13155
13	157	Jackson	Georgia	13157
13	159	Jasper	Georgia	13159
13	161	Jeff Davis	Georgia	13161
13	163	Jefferson	Georgia	13163
13	165	Jenkins	Georgia	13165
13	167	Johnson	Georgia	13167
13	169	Jones	Georgia	13169
13	171	Lamar	Georgia	13171
13	173	Lanier	Georgia	13173
13	175	Laurens	Georgia	13175
13	177	Lee	Georgia	13177
13	179	Liberty	Georgia	13179
13	181	Lincoln	Georgia	13181
13	183	Long	Georgia	13183
13	185	Lowndes	Georgia	13185
13	187	Lumpkin	Georgia	13187
13	189	McDuffie	Georgia	13189
13	191	McIntosh	Georgia	13191
13	193	Macon	Georgia	13193
13	195	Madison	Georgia	13195
13	197	Marion	Georgia	13197
13	199	Meriwether	Georgia	13199
13	201	Miller	Georgia	13201
13	205	Mitchell	Georgia	13205
13	207	Monroe	Georgia	13207
13	209	Montgomery	Georgia	13209
13	211	Morgan	Georgia	13211
13	213	Murray	Georgia	13213
13	215	Muscogee	Georgia	13215
13	217	Newton	Georgia	13217
13	219	Oconee	Georgia	13219
13	221	Oglethorpe	Georgia	13221
13	223	Paulding	Georgia	13223
13	225	Peach	Georgia	13225
13	227	Pickens	Georgia	13227
13	229	Pierce	Georgia	13229
13	231	Pike	Georgia	13231
13	233	Polk	Georgia	13233
13	235	Pulaski	Georgia	13235
13	237	Putnam	Georgia	13237
13	239	Quitman	Georgia	13239
13	241	Rabun	Georgia	13241
13	243	Randolph	Georgia	13243
13	245	Richmond	Georgia	13245
13	247	Rockdale	Georgia	13247
13	249	Schley	Georgia	13249
13	251	Screven	Georgia	13251
13	253	Seminole	Georgia	13253
13	255	Spalding	Georgia	13255
13	257	Stephens	Georgia	13257
13	259	Stewart	Georgia	13259
13	261	Sumter	Georgia	13261
13	263	Talbot	Georgia	13263
13	265	Taliaferro	Georgia	13265
13	267	Tattnall	Georgia	13267
13	269	Taylor	Georgia	13269
13	271	Telfair	Georgia	13271
13	273	Terrell	Georgia	13273
13	275	Thomas	Georgia	13275
13	277	Tift	Georgia	13277
13	279	Toombs	Georgia	13279
13	281	Towns	Georgia	13281
13	283	Treutlen	Georgia	13283
13	285	Troup	Georgia	13285
13	287	Turner	Georgia	13287
13	289	Twiggs	Georgia	13289
13	291	Union	Georgia	13291
13	293	Upson	Georgia	13293
13	295	Walker	Georgia	13295
13	297	Walton	Georgia	13297
13	299	Ware	Georgia	13299
13	301	Warren	Georgia	13301
13	303	Washington	Georgia	13303
13	305	Wayne	Georgia	13305
13	307	Webster	Georgia	13307
13	309	Wheeler	Georgia	13309
13	311	White	Georgia	13311
13	313	Whitfield	Georgia	13313
13	315	Wilcox	Georgia	13315
13	317	Wilkes	Georgia	13317
13	319	Wilkinson	Georgia	13319
13	321	Worth	Georgia	13321
15	001	Hawaii	Hawaii	15001
15	003	Honolulu	Hawaii	15003
15	005	Kalawao	Hawaii	15005
15	007	Kauai	Hawaii	15007
15	009	Maui	Hawaii	15009
16	001	Ada	Idaho	16001
16	003	Adams	Idaho	16003
16	005	Bannock	Idaho	16005
16	007	Bear Lake	Idaho	16007
16	009	Benewah	Idaho	16009
16	011	Bingham	Idaho	16011
16	013	Blaine	Idaho	16013
16	015	Boise	Idaho	16015
16	017	Bonner	Idaho	16017
16	019	Bonneville	Idaho	16019
16	021	Boundary	Idaho	16021
16	023	Butte	Idaho	16023
16	025	Camas	Idaho	16025
16	027	Canyon	Idaho	16027
16	029	Caribou	Idaho	16029
16	031	Cassia	Idaho	16031
16	033	Clark	Idaho	16033
16	035	Clearwater	Idaho	16035
16	037	Custer	Idaho	16037
16	039	Elmore	Idaho	16039
16	041	Franklin	Idaho	16041
16	043	Fremont	Idaho	16043
16	045	Gem	Idaho	16045
16	047	Gooding	Idaho	16047
16	049	Idaho	Idaho	16049
16	051	Jefferson	Idaho	16051
16	053	Jerome	Idaho	16053
16	055	Kootenai	Idaho	16055
16	057	Latah	Idaho	16057
16	059	Lemhi	Idaho	16059
16	061	Lewis	Idaho	16061
16	063	Lincoln	Idaho	16063
16	065	Madison	Idaho	16065
16	067	Minidoka	Idaho	16067
16	069	Nez Perce	Idaho	16069
16	071	Oneida	Idaho	16071
16	073	Owyhee	Idaho	16073
16	075	Payette	Idaho	16075
16	077	Power	Idaho	16077
16	079	Shoshone	Idaho	16079
16	081	Teton	Idaho	16081
16	083	Twin Falls	Idaho	16083
16	085	Valley	Idaho	16085
16	087	Washington	Idaho	16087
17	001	Adams	Illinois	17001
17	003	Alexander	Illinois	17003
17	005	Bond	Illinois	17005
17	007	Boone	Illinois	17007
17	009	Brown	Illinois	17009
17	011	Bureau	Illinois	17011
17	013	Calhoun	Illinois	17013
17	015	Carroll	Illinois	17015
17	017	Cass	Illinois	17017
17	019	Champaign	Illinois	17019
17	021	Christian	Illinois	17021
17	023	Clark	Illinois	17023
17	025	Clay	Illinois	17025
17	027	Clinton	Illinois	17027
17	029	Coles	Illinois	17029
17	031	Cook	Illinois	17031
17	033	Crawford	Illinois	17033
17	035	Cumberland	Illinois	17035
17	037	DeKalb	Illinois	17037
17	039	De Witt	Illinois	17039
17	041	Douglas	Illinois	17041
17	043	DuPage	Illinois	17043
17	045	Edgar	Illinois	17045
17	047	Edwards	Illinois	17047
17	049	Effingham	Illinois	17049
17	051	Fayette	Illinois	17051
17	053	Ford	Illinois	17053
17	055	Franklin	Illinois	17055
17	057	Fulton	Illinois	17057
17	059	Gallatin	Illinois	17059
17	061	Greene	Illinois	17061
17	063	Grundy	Illinois	17063
17	065	Hamilton	Illinois	17065
17	067	Hancock	Illinois	17067
17	069	Hardin	Illinois	17069
17	071	Henderson	Illinois	17071
17	073	Henry	Illinois	17073
17	075	Iroquois	Illinois	17075
17	077	Jackson	Illinois	17077
17	079	Jasper	Illinois	17079
17	081	Jefferson	Illinois	17081
17	083	Jersey	Illinois	17083
17	085	Jo Daviess	Illinois	17085
17	087	Johnson	Illinois	17087
17	089	Kane	Illinois	17089
17	091	Kankakee	Illinois	17091
17	093	Kendall	Illinois	17093
17	095	Knox	Illinois	17095
17	097	Lake	Illinois	17097
17	099	LaSalle	Illinois	17099
17	101	Lawrence	Illinois	17101
17	103	Lee	Illinois	17103
17	105	Livingston	Illinois	17105
17	107	Logan	Illinois	17107
17	109	McDonough	Illinois	17109
17	111	McHenry	Illinois	17111
17	113	McLean	Illinois	17113
17	115	Macon	Illinois	17115
17	117	Macoupin	Illinois	17117
17	119	Madison	Illinois	17119
17	121	Marion	Illinois	17121
17	123	Marshall	Illinois	17123
17	125	Mason	Illinois	17125
17	127	Massac	Illinois	17127
17	129	Menard	Illinois	17129
17	131	Mercer	Illinois	17131
17	133	Monroe	Illinois	17133
17	135	Montgomery	Illinois	17135
17	137	Morgan	Illinois	17137
17	139	Moultrie	Illinois	17139
17	141	Ogle	Illinois	17141
17	143	Peoria	Illinois	17143
17	145	Perry	Illinois	17145
17	147	Piatt	Illinois	17147
17	149	Pike	Illinois	17149
17	151	Pope	Illinois	17151
17	153	Pulaski	Illinois	17153
17	155	Putnam	Illinois	17155
17	157	Randolph	Illinois	17157
17	159	Richland	Illinois	17159
17	161	Rock Island	Illinois	17161
17	163	St. Clair	Illinois	17163
17	165	Saline	Illinois	17165
17	167	Sangamon	Illinois	17167
17	169	Schuyler	Illinois	17169
17	171	Scott	Illinois	17171
17	173	Shelby	Illinois	17173
17	175	Stark	Illinois	17175
17	177	Stephenson	Illinois	17177
17	179	Tazewell	Illinois	17179
17	181	Union	Illinois	17181
17	183	Vermilion	Illinois	17183
17	185	Wabash	Illinois	17185
17	187	Warren	Illinois	17187
17	189	Washington	Illinois	17189
17	191	Wayne	Illinois	17191
17	193	White	Illinois	17193
17	195	Whiteside	Illinois	17195
17	197	Will	Illinois	17197
17	199	Williamson	Illinois	17199
17	201	Winnebago	Illinois	17201
17	203	Woodford	Illinois	17203
18	001	Adams	Indiana	18001
18	003	Allen	Indiana	18003
18	005	Bartholomew	Indiana	18005
18	007	Benton	Indiana	18007
18	009	Blackford	Indiana	18009
18	011	Boone	Indiana	18011
18	013	Brown	Indiana	18013
18	015	Carroll	Indiana	18015
18	017	Cass	Indiana	18017
18	019	Clark	Indiana	18019
18	021	Clay	Indiana	18021
18	023	Clinton	Indiana	18023
18	025	Crawford	Indiana	18025
18	027	Daviess	Indiana	18027
18	029	Dearborn	Indiana	18029
18	031	Decatur	Indiana	18031
18	033	DeKalb	Indiana	18033
18	035	Delaware	Indiana	18035
18	037	Dubois	Indiana	18037
18	039	Elkhart	Indiana	18039
18	041	Fayette	Indiana	18041
18	043	Floyd	Indiana	18043
18	045	Fountain	Indiana	18045
18	047	Franklin	Indiana	18047
18	049	Fulton	Indiana	18049
18	051	Gibson	Indiana	18051
18	053	Grant	Indiana	18053
18	055	Greene	Indiana	18055
18	057	Hamilton	Indiana	18057
18	059	Hancock	Indiana	18059
18	061	Harrison	Indiana	18061
18	063	Hendricks	Indiana	18063
18	065	Henry	Indiana	18065
18	067	Howard	Indiana	18067
18	069	Huntington	Indiana	18069
18	071	Jackson	Indiana	18071
18	073	Jasper	Indiana	18073
18	075	Jay	Indiana	18075
18	077	Jefferson	Indiana	18077
18	079	Jennings	Indiana	18079
18	081	Johnson	Indiana	18081
18	083	Knox	Indiana	18083
18	085	Kosciusko	Indiana	18085
18	087	LaGrange	Indiana	18087
18	089	Lake	Indiana	18089
18	091	LaPorte	Indiana	18091
18	093	Lawrence	Indiana	18093
18	095	Madison	Indiana	18095
18	097	Marion	Indiana	18097
18	099	Marshall	Indiana	18099
18	101	Martin	Indiana	18101
18	103	Miami	Indiana	18103
18	105	Monroe	Indiana	18105
18	107	Montgomery	Indiana	18107
18	109	Morgan	Indiana	18109
18	111	Newton	Indiana	18111
18	113	Noble	Indiana	18113
18	115	Ohio	Indiana	18115
18	117	Orange	Indiana	18117
18	119	Owen	Indiana	18119
18	121	Parke	Indiana	18121
18	123	Perry	Indiana	18123
18	125	Pike	Indiana	18125
18	127	Porter	Indiana	18127
18	129	Posey	Indiana	18129
18	131	Pulaski	Indiana	18131
18	133	Putnam	Indiana	18133
18	135	Randolph	Indiana	18135
18	137	Ripley	Indiana	18137
18	139	Rush	Indiana	18139
18	141	St. Joseph	Indiana	18141
18	143	Scott	Indiana	18143
18	145	Shelby	Indiana	18145
18	147	Spencer	Indiana	18147
18	149	Starke	Indiana	18149
18	151	Steuben	Indiana	18151
18	153	Sullivan	Indiana	18153
18	155	Switzerland	Indiana	18155
18	157	Tippecanoe	Indiana	18157
18	159	Tipton	Indiana	18159
18	161	Union	Indiana	18161
18	163	Vanderburgh	Indiana	18163
18	165	Vermillion	Indiana	18165
18	167	Vigo	Indiana	18167
18	169	Wabash	Indiana	18169
18	171	Warren	Indiana	18171
18	173	Warrick	Indiana	18173
18	175	Washington	Indiana	18175
18	177	Wayne	Indiana	18177
18	179	Wells	Indiana	18179
18	181	White	Indiana	18181
18	183	Whitley	Indiana	18183
19	001	Adair	Iowa	19001
19	003	Adams	Iowa	19003
19	005	Allamakee	Iowa	19005
19	007	Appanoose	Iowa	19007
19	009	Audubon	Iowa	19009
19	011	Benton	Iowa	19011
19	013	Black Hawk	Iowa	19013
19	015	Boone	Iowa	19015
19	017	Bremer	Iowa	19017
19	019	Buchanan	Iowa	19019
19	021	Buena Vista	Iowa	19021
19	023	Butler	Iowa	19023
19	025	Calhoun	Iowa	19025
19	027	Carroll	Iowa	19027
19	029	Cass	Iowa	19029
19	031	Cedar	Iowa	19031
19	033	Cerro Gordo	Iowa	19033
19	035	Cherokee	Iowa	19035
19	037	Chickasaw	Iowa	19037
19	039	Clarke	Iowa	19039
19	041	Clay	Iowa	19041
19	043	Clayton	Iowa	19043
19	045	Clinton	Iowa	19045
19	047	Crawford	Iowa	19047
19	049	Dallas	Iowa	19049
19	051	Davis	Iowa	19051
19	053	Decatur	Iowa	19053
19	055	Delaware	Iowa	19055
19	057	Des Moines	Iowa	19057
19	059	Dickinson	Iowa	19059
19	061	Dubuque	Iowa	19061
19	063	Emmet	Iowa	19063
19	065	Fayette	Iowa	19065
19	067	Floyd	Iowa	19067
19	069	Franklin	Iowa	19069
19	071	Fremont	Iowa	19071
19	073	Greene	Iowa	19073
19	075	Grundy	Iowa	19075
19	077	Guthrie	Iowa	19077
19	079	Hamilton	Iowa	19079
19	081	Hancock	Iowa	19081
19	083	Hardin	Iowa	19083
19	085	Harrison	Iowa	19085
19	087	Henry	Iowa	19087
19	089	Howard	Iowa	19089
19	091	Humboldt	Iowa	19091
19	093	Ida	Iowa	19093
19	095	Iowa	Iowa	19095
19	097	Jackson	Iowa	19097
19	099	Jasper	Iowa	19099
19	101	Jefferson	Iowa	19101
19	103	Johnson	Iowa	19103
19	105	Jones	Iowa	19105
19	107	Keokuk	Iowa	19107
19	109	Kossuth	Iowa	19109
19	111	Lee	Iowa	19111
19	113	Linn	Iowa	19113
19	115	Louisa	Iowa	19115
19	117	Lucas	Iowa	19117
19	119	Lyon	Iowa	19119
19	121	Madison	Iowa	19121
19	123	Mahaska	Iowa	19123
19	125	Marion	Iowa	19125
19	127	Marshall	Iowa	19127
19	129	Mills	Iowa	19129
19	131	Mitchell	Iowa	19131
19	133	Monona	Iowa	19133
19	135	Monroe	Iowa	19135
19	137	Montgomery	Iowa	19137
19	139	Muscatine	Iowa	19139
19	141	O'Brien	Iowa	19141
19	143	Osceola	Iowa	19143
19	145	Page	Iowa	19145
19	147	Palo Alto	Iowa	19147
19	149	Plymouth	Iowa	19149
19	151	Pocahontas	Iowa	19151
19	153	Polk	Iowa	19153
19	155	Pottawattamie	Iowa	19155
19	157	Poweshiek	Iowa	19157
19	159	Ringgold	Iowa	19159
19	161	Sac	Iowa	19161
19	163	Scott	Iowa	19163
19	165	Shelby	Iowa	19165
19	167	Sioux	Iowa	19167
19	169	Story	Iowa	19169
19	171	Tama	Iowa	19171
19	173	Taylor	Iowa	19173
19	175	Union	Iowa	19175
19	177	Van Buren	Iowa	19177
19	179	Wapello	Iowa	19179
19	181	Warren	Iowa	19181
19	183	Washington	Iowa	19183
19	185	Wayne	Iowa	19185
19	187	Webster	Iowa	19187
19	189	Winnebago	Iowa	19189
19	191	Winneshiek	Iowa	19191
19	193	Woodbury	Iowa	19193
19	195	Worth	Iowa	19195
19	197	Wright	Iowa	19197
20	001	Allen	Kansas	20001
20	003	Anderson	Kansas	20003
20	005	Atchison	Kansas	20005
20	007	Barber	Kansas	20007
20	009	Barton	Kansas	20009
20	011	Bourbon	Kansas	20011
20	013	Brown	Kansas	20013
20	015	Butler	Kansas	20015
20	017	Chase	Kansas	20017
20	019	Chautauqua	Kansas	20019
20	021	Cherokee	Kansas	20021
20	023	Cheyenne	Kansas	20023
20	025	Clark	Kansas	20025
20	027	Clay	Kansas	20027
20	029	Cloud	Kansas	20029
20	031	Coffey	Kansas	20031
20	033	Comanche	Kansas	20033
20	035	Cowley	Kansas	20035
20	037	Crawford	Kansas	20037
20	039	Decatur	Kansas	20039
20	041	Dickinson	Kansas	20041
20	043	Doniphan	Kansas	20043
20	045	Douglas	Kansas	20045
20	047	Edwards	Kansas	20047
20	049	Elk	Kansas	20049
20	051	Ellis	Kansas	20051
20	053	Ellsworth	Kansas	20053
20	055	Finney	Kansas	20055
20	057	Ford	Kansas	20057
20	059	Franklin	Kansas	20059
20	061	Geary	Kansas	20061
20	063	Gove	Kansas	20063
20	065	Graham	Kansas	20065
20	067	Grant	Kansas	20067
20	069	Gray	Kansas	20069
20	071	Greeley	Kansas	20071
20	073	Greenwood	Kansas	20073
20	075	Hamilton	Kansas	20075
20	077	Harper	Kansas	20077
20	079	Harvey	Kansas	20079
20	081	Haskell	Kansas	20081
20	083	Hodgeman	Kansas	20083
20	085	Jackson	Kansas	20085
20	087	Jefferson	Kansas	20087
20	089	Jewell	Kansas	20089
20	091	Johnson	Kansas	20091
20	093	Kearny	Kansas	20093
20	095	Kingman	Kansas	20095
20	097	Kiowa	Kansas	20097
20	099	Labette	Kansas	20099
20	101	Lane	Kansas	20101
20	103	Leavenworth	Kansas	20103
20	105	Lincoln	Kansas	20105
20	107	Linn	Kansas	20107
20	109	Logan	Kansas	20109
20	111	Lyon	Kansas	20111
20	113	McPherson	Kansas	20113
20	115	Marion	Kansas	20115
20	117	Marshall	Kansas	20117
20	119	Meade	Kansas	20119
20	121	Miami	Kansas	20121
20	123	Mitchell	Kansas	20123
20	125	Montgomery	Kansas	20125
20	127	Morris	Kansas	20127
20	129	Morton	Kansas	20129
20	131	Nemaha	Kansas	20131
20	133	Neosho	Kansas	20133
20	135	Ness	Kansas	20135
20	137	Norton	Kansas	20137
20	139	Osage	Kansas	20139
20	141	Osborne	Kansas	20141
20	143	Ottawa	Kansas	20143
20	145	Pawnee	Kansas	20145
20	147	Phillips	Kansas	20147
20	149	Pottawatomie	Kansas	20149
20	151	Pratt	Kansas	20151
20	153	Rawlins	Kansas	20153
20	155	Reno	Kansas	20155
20	157	Republic	Kansas	20157
20	159	Rice	Kansas	20159
20	161	Riley	Kansas	20161
20	163	Rooks	Kansas	20163
20	165	Rush	Kansas	20165
20	167	Russell	Kansas	20167
20	169	Saline	Kansas	20169
20	171	Scott	Kansas	20171
20	173	Sedgwick	Kansas	20173
20	175	Seward	Kansas	20175
20	177	Shawnee	Kansas	20177
20	179	Sheridan	Kansas	20179
20	181	Sherman	Kansas	20181
20	183	Smith	Kansas	20183
20	185	Stafford	Kansas	20185
20	187	Stanton	Kansas	20187
20	189	Stevens	Kansas	20189
20	191	Sumner	Kansas	20191
20	193	Thomas	Kansas	20193
20	195	Trego	Kansas	20195
20	197	Wabaunsee	Kansas	20197
20	199	Wallace	Kansas	20199
20	201	Washington	Kansas	20201
20	203	Wichita	Kansas	20203
20	205	Wilson	Kansas	20205
20	207	Woodson	Kansas	20207
20	209	Wyandotte	Kansas	20209
21	001	Adair	Kentucky	21001
21	003	Allen	Kentucky	21003
21	005	Anderson	Kentucky	21005
21	007	Ballard	Kentucky	21007
21	009	Barren	Kentucky	21009
21	011	Bath	Kentucky	21011
21	013	Bell	Kentucky	21013
21	015	Boone	Kentucky	21015
21	017	Bourbon	Kentucky	21017
21	019	Boyd	Kentucky	21019
21	021	Boyle	Kentucky	21021
21	023	Bracken	Kentucky	21023
21	025	Breathitt	Kentucky	21025
21	027	Breckinridge	Kentucky	21027
21	029	Bullitt	Kentucky	21029
21	031	Butler	Kentucky	21031
21	033	Caldwell	Kentucky	21033
21	035	Calloway	Kentucky	21035
21	037	Campbell	Kentucky	21037
21	039	Carlisle	Kentucky	21039
21	041	Carroll	Kentucky	21041
21	043	Carter	Kentucky	21043
21	045	Casey	Kentucky	21045
21	047	Christian	Kentucky	21047
21	049	Clark	Kentucky	21049
21	051	Clay	Kentucky	21051
21	053	Clinton	Kentucky	21053
21	055	Crittenden	Kentucky	21055
21	057	Cumberland	Kentucky	21057
21	059	Daviess	Kentucky	21059
21	061	Edmonson	Kentucky	21061
21	063	Elliott	Kentucky	21063
21	065	Estill	Kentucky	21065
21	067	Fayette	Kentucky	21067
21	069	Fleming	Kentucky	21069
21	071	Floyd	Kentucky	21071
21	073	Franklin	Kentucky	21073
21	075	Fulton	Kentucky	21075
21	077	Gallatin	Kentucky	21077
21	079	Garrard	Kentucky	21079
21	081	Grant	Kentucky	21081
21	083	Graves	Kentucky	21083
21	085	Grayson	Kentucky	21085
21	087	Green	Kentucky	21087
21	089	Greenup	Kentucky	21089
21	091	Hancock	Kentucky	21091
21	093	Hardin	Kentucky	21093
21	095	Harlan	Kentucky	21095
21	097	Harrison	Kentucky	21097
21	099	Hart	Kentucky	21099
21	101	Henderson	Kentucky	21101
21	103	Henry	Kentucky	21103
21	105	Hickman	Kentucky	21105
21	107	Hopkins	Kentucky	21107
21	109	Jackson	Kentucky	21109
21	111	Jefferson	Kentucky	21111
21	113	Jessamine	Kentucky	21113
21	115	Johnson	Kentucky	21115
21	117	Kenton	Kentucky	21117
21	119	Knott	Kentucky	21119
21	121	Knox	Kentucky	21121
21	123	Larue	Kentucky	21123
21	125	Laurel	Kentucky	21125
21	127	Lawrence	Kentucky	21127
21	129	Lee	Kentucky	21129
21	131	Leslie	Kentucky	21131
21	133	Letcher	Kentucky	21133
21	135	Lewis	Kentucky	21135
21	137	Lincoln	Kentucky	21137
21	139	Livingston	Kentucky	21139
21	141	Logan	Kentucky	21141
21	143	Lyon	Kentucky	21143
21	145	McCracken	Kentucky	21145
21	147	McCreary	Kentucky	21147
21	149	McLean	Kentucky	21149
21	151	Madison	Kentucky	21151
21	153	Magoffin	Kentucky	21153
21	155	Marion	Kentucky	21155
21	157	Marshall	Kentucky	21157
21	159	Martin	Kentucky	21159
21	161	Mason	Kentucky	21161
21	163	Meade	Kentucky	21163
21	165	Menifee	Kentucky	21165
21	167	Mercer	Kentucky	21167
21	169	Metcalfe	Kentucky	21169
21	171	Monroe	Kentucky	21171
21	173	Montgomery	Kentucky	21173
21	175	Morgan	Kentucky	21175
21	177	Muhlenberg	Kentucky	21177
21	179	Nelson	Kentucky	21179
21	181	Nicholas	Kentucky	21181
21	183	Ohio	Kentucky	21183
21	185	Oldham	Kentucky	21185
21	187	Owen	Kentucky	21187
21	189	Owsley	Kentucky	21189
21	191	Pendleton	Kentucky	21191
21	193	Perry	Kentucky	21193
21	195	Pike	Kentucky	21195
21	197	Powell	Kentucky	21197
21	199	Pulaski	Kentucky	21199
21	201	Robertson	Kentucky	21201
21	203	Rockcastle	Kentucky	21203
21	205	Rowan	Kentucky	21205
21	207	Russell	Kentucky	21207
21	209	Scott	Kentucky	21209
21	211	Shelby	Kentucky	21211
21	213	Simpson	Kentucky	21213
21	215	Spencer	Kentucky	21215
21	217	Taylor	Kentucky	21217
21	219	Todd	Kentucky	21219
21	221	Trigg	Kentucky	21221
21	223	Trimble	Kentucky	21223
21	225	Union	Kentucky	21225
21	227	Warren	Kentucky	21227
21	229	Washington	Kentucky	21229
21	231	Wayne	Kentucky	21231
21	233	Webster	Kentucky	21233
21	235	Whitley	Kentucky	21235
21	237	Wolfe	Kentucky	21237
21	239	Woodford	Kentucky	21239
22	001	Acadia Parish	Louisiana	22001
22	003	Allen Parish	Louisiana	22003
22	005	Ascension Parish	Louisiana	22005
22	007	Assumption Parish	Louisiana	22007
22	009	Avoyelles Parish	Louisiana	22009
22	011	Beauregard Parish	Louisiana	22011
22	013	Bienville Parish	Louisiana	22013
22	015	Bossier Parish	Louisiana	22015
22	017	Caddo Parish	Louisiana	22017
22	019	Calcasieu Parish	Louisiana	22019
22	021	Caldwell Parish	Louisiana	22021
22	023	Cameron Parish	Louisiana	22023
22	025	Catahoula Parish	Louisiana	22025
22	027	Claiborne Parish	Louisiana	22027
22	029	Concordia Parish	Louisiana	22029
22	031	De Soto Parish	Louisiana	22031
22	033	East Baton Rouge Parish	Louisiana	22033
22	035	East Carroll Parish	Louisiana	22035
22	037	East Feliciana Parish	Louisiana	22037
22	039	Evangeline Parish	Louisiana	22039
22	041	Franklin Parish	Louisiana	22041
22	043	Grant Parish	Louisiana	22043
22	045	Iberia Parish	Louisiana	22045
22	047	Iberville Parish	Louisiana	22047
22	049	Jackson Parish	Louisiana	22049
22	051	Jefferson Parish	Louisiana	22051
22	053	Jefferson Davis Parish	Louisiana	22053
22	055	Lafayette Parish	Louisiana	22055
22	057	Lafourche Parish	Louisiana	22057
22	059	LaSalle Parish	Louisiana	22059
22	061	Lincoln Parish	Louisiana	22061
22	063	Livingston Parish	Louisiana	22063
22	065	Madison Parish	Louisiana	22065
22	067	Morehouse Parish	Louisiana	22067
22	069	Natchitoches Parish	Louisiana	22069
22	071	Orleans Parish	Louisiana	22071
22	073	Ouachita Parish	Louisiana	22073
22	075	Plaquemines Parish	Louisiana	22075
22	077	Pointe Coupee Parish	Louisiana	22077
22	079	Rapides Parish	Louisiana	22079
22	081	Red River Parish	Louisiana	22081
22	083	Richland Parish	Louisiana	22083
22	085	Sabine Parish	Louisiana	22085
22	087	St. Bernard Parish	Louisiana	22087
22	089	St. Charles Parish	Louisiana	22089
22	091	St. Helena Parish	Louisiana	22091
22	093	St. James Parish	Louisiana	22093
22	095	St. John the Baptist Parish	Louisiana	22095
22	097	St. Landry Parish	Louisiana	22097
22	099	St. Martin Parish	Louisiana	22099
22	101	St. Mary Parish	Louisiana	22101
22	103	St. Tammany Parish	Louisiana	22103
22	105	Tangipahoa Parish	Louisiana	22105
22	107	Tensas Parish	Louisiana	22107
22	109	Terrebonne Parish	Louisiana	22109
22	111	Union Parish	Louisiana	22111
22	113	Vermilion Parish	Louisiana	22113
22	115	Vernon Parish	Louisiana	22115
22	117	Washington Parish	Louisiana	22117
22	119	Webster Parish	Louisiana	22119
22	121	West Baton Rouge Parish	Louisiana	22121
22	123	West Carroll Parish	Louisiana	22123
22	125	West Feliciana Parish	Louisiana	22125
22	127	Winn Parish	Louisiana	22127
23	001	Androscoggin	Maine	23001
23	003	Aroostook	Maine	23003
23	005	Cumberland	Maine	23005
23	007	Franklin	Maine	23007
23	009	Hancock	Maine	23009
23	011	Kennebec	Maine	23011
23	013	Knox	Maine	23013
23	015	Lincoln	Maine	23015
23	017	Oxford	Maine	23017
23	019	Penobscot	Maine	23019
23	021	Piscataquis	Maine	23021
23	023	Sagadahoc	Maine	23023
23	025	Somerset	Maine	23025
23	027	Waldo	Maine	23027
23	029	Washington	Maine	23029
23	031	York	Maine	23031
24	001	Allegany	Maryland	24001
24	003	Anne Arundel	Maryland	24003
24	005	Baltimore	Maryland	24005
24	009	Calvert	Maryland	24009
24	011	Caroline	Maryland	24011
24	013	Carroll	Maryland	24013
24	015	Cecil	Maryland	24015
24	017	Charles	Maryland	24017
24	019	Dorchester	Maryland	24019
24	021	Frederick	Maryland	24021
24	023	Garrett	Maryland	24023
24	025	Harford	Maryland	24025
24	027	Howard	Maryland	24027
24	029	Kent	Maryland	24029
24	031	Montgomery	Maryland	24031
24	033	Prince George's	Maryland	24033
24	035	Queen Anne's	Maryland	24035
24	037	St. Mary's	Maryland	24037
24	039	Somerset	Maryland	24039
24	041	Talbot	Maryland	24041
24	043	Washington	Maryland	24043
24	045	Wicomico	Maryland	24045
24	047	Worcester	Maryland	24047
24	510	Baltimore city	Maryland	24510
25	001	Barnstable	Massachusetts	25001
25	003	Berkshire	Massachusetts	25003
25	005	Bristol	Massachusetts	25005
25	007	Dukes	Massachusetts	25007
25	009	Essex	Massachusetts	25009
25	011	Franklin	Massachusetts	25011
25	013	Hampden	Massachusetts	25013
25	015	Hampshire	Massachusetts	25015
25	017	Middlesex	Massachusetts	25017
25	019	Nantucket	Massachusetts	25019
25	021	Norfolk	Massachusetts	25021
25	023	Plymouth	Massachusetts	25023
25	025	Suffolk	Massachusetts	25025
25	027	Worcester	Massachusetts	25027
26	001	Alcona	Michigan	26001
26	003	Alger	Michigan	26003
26	005	Allegan	Michigan	26005
26	007	Alpena	Michigan	26007
26	009	Antrim	Michigan	26009
26	011	Arenac	Michigan	26011
26	013	Baraga	Michigan	26013
26	015	Barry	Michigan	26015
26	017	Bay	Michigan	26017
26	019	Benzie	Michigan	26019
26	021	Berrien	Michigan	26021
26	023	Branch	Michigan	26023
26	025	Calhoun	Michigan	26025
26	027	Cass	Michigan	26027
26	029	Charlevoix	Michigan	26029
26	031	Cheboygan	Michigan	26031
26	033	Chippewa	Michigan	26033
26	035	Clare	Michigan	26035
26	037	Clinton	Michigan	26037
26	039	Crawford	Michigan	26039
26	041	Delta	Michigan	26041
26	043	Dickinson	Michigan	26043
26	045	Eaton	Michigan	26045
26	047	Emmet	Michigan	26047
26	049	Genesee	Michigan	26049
26	051	Gladwin	Michigan	26051
26	053	Gogebic	Michigan	26053
26	055	Grand Traverse	Michigan	26055
26	057	Gratiot	Michigan	26057
26	059	Hillsdale	Michigan	26059
26	061	Houghton	Michigan	26061
26	063	Huron	Michigan	26063
26	065	Ingham	Michigan	26065
26	067	Ionia	Michigan	26067
26	069	Iosco	Michigan	26069
26	071	Iron	Michigan	26071
26	073	Isabella	Michigan	26073
26	075	Jackson	Michigan	26075
26	077	Kalamazoo	Michigan	26077
26	079	Kalkaska	Michigan	26079
26	081	Kent	Michigan	26081
26	083	Keweenaw	Michigan	26083
26	085	Lake	Michigan	26085
26	087	Lapeer	Michigan	26087
26	089	Leelanau	Michigan	26089
26	091	Lenawee	Michigan	26091
26	093	Livingston	Michigan	26093
26	095	Luce	Michigan	26095
26	097	Mackinac	Michigan	26097
26	099	Macomb	Michigan	26099
26	101	Manistee	Michigan	26101
26	103	Marquette	Michigan	26103
26	105	Mason	Michigan	26105
26	107	Mecosta	Michigan	26107
26	109	Menominee	Michigan	26109
26	111	Midland	Michigan	26111
26	113	Missaukee	Michigan	26113
26	115	Monroe	Michigan	26115
26	117	Montcalm	Michigan	26117
26	119	Montmorency	Michigan	26119
26	121	Muskegon	Michigan	26121
26	123	Newaygo	Michigan	26123
26	125	Oakland	Michigan	26125
26	127	Oceana	Michigan	26127
26	129	Ogemaw	Michigan	26129
26	131	Ontonagon	Michigan	26131
26	133	Osceola	Michigan	26133
26	135	Oscoda	Michigan	26135
26	137	Otsego	Michigan	26137
26	139	Ottawa	Michigan	26139
26	141	Presque Isle	Michigan	26141
26	143	Roscommon	Michigan	26143
26	145	Saginaw	Michigan	26145
26	147	St. Clair	Michigan	26147
26	149	St. Joseph	Michigan	26149
26	151	Sanilac	Michigan	26151
26	153	Schoolcraft	Michigan	26153
26	155	Shiawassee	Michigan	26155
26	157	Tuscola	Michigan	26157
26	159	Van Buren	Michigan	26159
26	161	Washtenaw	Michigan	26161
26	163	Wayne	Michigan	26163
26	165	Wexford	Michigan	26165
27	001	Aitkin	Minnesota	27001
27	003	Anoka	Minnesota	27003
27	005	Becker	Minnesota	27005
27	007	Beltrami	Minnesota	27007
27	009	Benton	Minnesota	27009
27	011	Big Stone	Minnesota	27011
27	013	Blue Earth	Minnesota	27013
27	015	Brown	Minnesota	27015
27	017	Carlton	Minnesota	27017
27	019	Carver	Minnesota	27019
27	021	Cass	Minnesota	27021
27	023	Chippewa	Minnesota	27023
27	025	Chisago	Minnesota	27025
27	027	Clay	Minnesota	27027
27	029	Clearwater	Minnesota	27029
27	031	Cook	Minnesota	27031
27	033	Cottonwood	Minnesota	27033
27	035	Crow Wing	Minnesota	27035
27	037	Dakota	Minnesota	27037
27	039	Dodge	Minnesota	27039
27	041	Douglas	Minnesota	27041
27	043	Faribault	Minnesota	27043
27	045	Fillmore	Minnesota	27045
27	047	Freeborn	Minnesota	27047
27	049	Goodhue	Minnesota	27049
27	051	Grant	Minnesota	27051
27	053	Hennepin	Minnesota	27053
27	055	Houston	Minnesota	27055
27	057	Hubbard	Minnesota	27057
27	059	Isanti	Minnesota	27059
27	061	Itasca	Minnesota	27061
27	063	Jackson	Minnesota	27063
27	065	Kanabec	Minnesota	27065
27	067	Kandiyohi	Minnesota	27067
27	069	Kittson	Minnesota	27069
27	071	Koochiching	Minnesota	27071
27	073	Lac qui Parle	Minnesota	27073
27	075	Lake	Minnesota	27075
27	077	Lake of the Woods	Minnesota	27077
27	079	Le Sueur	Minnesota	27079
27	081	Lincoln	Minnesota	27081
27	083	Lyon	Minnesota	27083
27	085	McLeod	Minnesota	27085
27	087	Mahnomen	Minnesota	27087
27	089	Marshall	Minnesota	27089
27	091	Martin	Minnesota	27091
27	093	Meeker	Minnesota	27093
27	095	Mille Lacs	Minnesota	27095
27	097	Morrison	Minnesota	27097
27	099	Mower	Minnesota	27099
27	101	Murray	Minnesota	27101
27	103	Nicollet	Minnesota	27103
27	105	Nobles	Minnesota	27105
27	107	Norman	Minnesota	27107
27	109	Olmsted	Minnesota	27109
27	111	Otter Tail	Minnesota	27111
27	113	Pennington	Minnesota	27113
27	115	Pine	Minnesota	27115
27	117	Pipestone	Minnesota	27117
27	119	Polk	Minnesota	27119
27	121	Pope	Minnesota	27121
27	123	Ramsey	Minnesota	27123
27	125	Red Lake	Minnesota	27125
27	127	Redwood	Minnesota	27127
27	129	Renville	Minnesota	27129
27	131	Rice	Minnesota	27131
27	133	Rock	Minnesota	27133
27	135	Roseau	Minnesota	27135
27	137	St. Louis	Minnesota	27137
27	139	Scott	Minnesota	27139
27	141	Sherburne	Minnesota	27141
27	143	Sibley	Minnesota	27143
27	145	Stearns	Minnesota	27145
27	147	Steele	Minnesota	27147
27	149	Stevens	Minnesota	27149
27	151	Swift	Minnesota	27151
27	153	Todd	Minnesota	27153
27	155	Traverse	Minnesota	27155
27	157	Wabasha	Minnesota	27157
27	159	Wadena	Minnesota	27159
27	161	Waseca	Minnesota	27161
27	163	Washington	Minnesota	27163
27	165	Watonwan	Minnesota	27165
27	167	Wilkin	Minnesota	27167
27	169	Winona	Minnesota	27169
27	171	Wright	Minnesota	27171
27	173	Yellow Medicine	Minnesota	27173
28	001	Adams	Mississippi	28001
28	003	Alcorn	Mississippi	28003
28	005	Amite	Mississippi	28005
28	007	Attala	Mississippi	28007
28	009	Benton	Mississippi	28009
28	011	Bolivar	Mississippi	28011
28	013	Calhoun	Mississippi	28013
28	015	Carroll	Mississippi	28015
28	017	Chickasaw	Mississippi	28017
28	019	Choctaw	Mississippi	28019
28	021	Claiborne	Mississippi	28021
28	023	Clarke	Mississippi	28023
28	025	Clay	Mississippi	28025
28	027	Coahoma	Mississippi	28027
28	029	Copiah	Mississippi	28029
28	031	Covington	Mississippi	28031
28	033	DeSoto	Mississippi	28033
28	035	Forrest	Mississippi	28035
28	037	Franklin	Mississippi	28037
28	039	George	Mississippi	28039
28	041	Greene	Mississippi	28041
28	043	Grenada	Mississippi	28043
28	045	Hancock	Mississippi	28045
28	047	Harrison	Mississippi	28047
28	049	Hinds	Mississippi	28049
28	051	Holmes	Mississippi	28051
28	053	Humphreys	Mississippi	28053
28	055	Issaquena	Mississippi	28055
28	057	Itawamba	Mississippi	28057
28	059	Jackson	Mississippi	28059
28	061	Jasper	Mississippi	28061
28	063	Jefferson	Mississippi	28063
28	065	Jefferson Davis	Mississippi	28065
28	067	Jones	Mississippi	28067
28	069	Kemper	Mississippi	28069
28	071	Lafayette	Mississippi	28071
28	073	Lamar	Mississippi	28073
28	075	Lauderdale	Mississippi	28075
28	077	Lawrence	Mississippi	28077
28	079	Leake	Mississippi	28079
28	081	Lee	Mississippi	28081
28	083	Leflore	Mississippi	28083
28	085	Lincoln	Mississippi	28085
28	087	Lowndes	Mississippi	28087
28	089	Madison	Mississippi	28089
28	091	Marion	Mississippi	28091
28	093	Marshall	Mississippi	28093
28	095	Monroe	Mississippi	28095
28	097	Montgomery	Mississippi	28097
28	099	Neshoba	Mississippi	28099
28	101	Newton	Mississippi	28101
28	103	Noxubee	Mississippi	28103
28	105	Oktibbeha	Mississippi	28105
28	107	Panola	Mississippi	28107
28	109	Pearl River	Mississippi	28109
28	111	Perry	Mississippi	28111
28	113	Pike	Mississippi	28113
28	115	Pontotoc	Mississippi	28115
28	117	Prentiss	Mississippi	28117
28	119	Quitman	Mississippi	28119
28	121	Rankin	Mississippi	28121
28	123	Scott	Mississippi	28123
28	125	Sharkey	Mississippi	28125
28	127	Simpson	Mississippi	28127
28	129	Smith	Mississippi	28129
28	131	Stone	Mississippi	28131
28	133	Sunflower	Mississippi	28133
28	135	Tallahatchie	Mississippi	28135
28	137	Tate	Mississippi	28137
28	139	Tippah	Mississippi	28139
28	141	Tishomingo	Mississippi	28141
28	143	Tunica	Mississippi	28143
28	145	Union	Mississippi	28145
28	147	Walthall	Mississippi	28147
28	149	Warren	Mississippi	28149
28	151	Washington	Mississippi	28151
28	153	Wayne	Mississippi	28153
28	155	Webster	Mississippi	28155
28	157	Wilkinson	Mississippi	28157
28	159	Winston	Mississippi	28159
28	161	Yalobusha	Mississippi	28161
28	163	Yazoo	Mississippi	28163
29	001	Adair	Missouri	29001
29	003	Andrew	Missouri	29003
29	005	Atchison	Missouri	29005
29	007	Audrain	Missouri	29007
29	009	Barry	Missouri	29009
29	011	Barton	Missouri	29011
29	013	Bates	Missouri	29013
29	015	Benton	Missouri	29015
29	017	Bollinger	Missouri	29017
29	019	Boone	Missouri	29019
29	021	Buchanan	Missouri	29021
29	023	Butler	Missouri	29023
29	025	Caldwell	Missouri	29025
29	027	Callaway	Missouri	29027
29	029	Camden	Missouri	29029
29	031	Cape Girardeau	Missouri	29031
29	033	Carroll	Missouri	29033
29	035	Carter	Missouri	29035
29	037	Cass	Missouri	29037
29	039	Cedar	Missouri	29039
29	041	Chariton	Missouri	29041
29	043	Christian	Missouri	29043
29	045	Clark	Missouri	29045
29	047	Clay	Missouri	29047
29	049	Clinton	Missouri	29049
29	051	Cole	Missouri	29051
29	053	Cooper	Missouri	29053
29	055	Crawford	Missouri	29055
29	057	Dade	Missouri	29057
29	059	Dallas	Missouri	29059
29	061	Daviess	Missouri	29061
29	063	DeKalb	Missouri	29063
29	065	Dent	Missouri	29065
29	067	Douglas	Missouri	29067
29	069	Dunklin	Missouri	29069
29	071	Franklin	Missouri	29071
29	073	Gasconade	Missouri	29073
29	075	Gentry	Missouri	29075
29	077	Greene	Missouri	29077
29	079	Grundy	Missouri	29079
29	081	Harrison	Missouri	29081
29	083	Henry	Missouri	29083
29	085	Hickory	Missouri	29085
29	087	Holt	Missouri	29087
29	089	Howard	Missouri	29089
29	091	Howell	Missouri	29091
29	093	Iron	Missouri	29093
29	095	Jackson	Missouri	29095
29	097	Jasper	Missouri	29097
29	099	Jefferson	Missouri	29099
29	101	Johnson	Missouri	29101
29	103	Knox	Missouri	29103
29	105	Laclede	Missouri	29105
29	107	Lafayette	Missouri	29107
29	109	Lawrence	Missouri	29109
29	111	Lewis	Missouri	29111
29	113	Lincoln	Missouri	29113
29	115	Linn	Missouri	29115
29	117	Livingston	Missouri	29117
29	119	McDonald	Missouri	29119
29	121	Macon	Missouri	29121
29	123	Madison	Missouri	29123
29	125	Maries	Missouri	29125
29	127	Marion	Missouri	29127
29	129	Mercer	Missouri	29129
29	131	Miller	Missouri	29131
29	133	Mississippi	Missouri	29133
29	135	Moniteau	Missouri	29135
29	137	Monroe	Missouri	29137
29	139	Montgomery	Missouri	29139
29	141	Morgan	Missouri	29141
29	143	New Madrid	Missouri	29143
29	145	Newton	Missouri	29145
29	147	Nodaway	Missouri	29147
29	149	Oregon	Missouri	29149
29	151	Osage	Missouri	29151
29	153	Ozark	Missouri	29153
29	155	Pemiscot	Missouri	29155
29	157	Perry	Missouri	29157
29	159	Pettis	Missouri	29159
29	161	Phelps	Missouri	29161
29	163	Pike	Missouri	29163
29	165	Platte	Missouri	29165
29	167	Polk	Missouri	29167
29	169	Pulaski	Missouri	29169
29	171	Putnam	Missouri	29171
29	173	Ralls	Missouri	29173
29	175	Randolph	Missouri	29175
29	177	Ray	Missouri	29177
29	179	Reynolds	Missouri	29179
29	181	Ripley	Missouri	29181
29	183	St. Charles	Missouri	29183
29	185	St. Clair	Missouri	29185
29	186	Ste. Genevieve	Missouri	29186
29	187	St. Francois	Missouri	29187
29	189	St. Louis	Missouri	29189
29	195	Saline	Missouri	29195
29	197	Schuyler	Missouri	29197
29	199	Scotland	Missouri	29199
29	201	Scott	Missouri	29201
29	203	Shannon	Missouri	29203
29	205	Shelby	Missouri	29205
29	207	Stoddard	Missouri	29207
29	209	Stone	Missouri	29209
29	211	Sullivan	Missouri	29211
29	213	Taney	Missouri	29213
29	215	Texas	Missouri	29215
29	217	Vernon	Missouri	29217
29	219	Warren	Missouri	29219
29	221	Washington	Missouri	29221
29	223	Wayne	Missouri	29223
29	225	Webster	Missouri	29225
29	227	Worth	Missouri	29227
29	229	Wright	Missouri	29229
29	510	St. Louis city	Missouri	29510
30	001	Beaverhead	Montana	30001
30	003	Big Horn	Montana	30003
30	005	Blaine	Montana	30005
30	007	Broadwater	Montana	30007
30	009	Carbon	Montana	30009
30	011	Carter	Montana	30011
30	013	Cascade	Montana	30013
30	015	Chouteau	Montana	30015
30	017	Custer	Montana	30017
30	019	Daniels	Montana	30019
30	021	Dawson	Montana	30021
30	023	Deer Lodge	Montana	30023
30	025	Fallon	Montana	30025
30	027	Fergus	Montana	30027
30	029	Flathead	Montana	30029
30	031	Gallatin	Montana	30031
30	033	Garfield	Montana	30033
30	035	Glacier	Montana	30035
30	037	Golden Valley	Montana	30037
30	039	Granite	Montana	30039
30	041	Hill	Montana	30041
30	043	Jefferson	Montana	30043
30	045	Judith Basin	Montana	30045
30	047	Lake	Montana	30047
30	049	Lewis and Clark	Montana	30049
30	051	Liberty	Montana	30051
30	053	Lincoln	Montana	30053
30	055	McCone	Montana	30055
30	057	Madison	Montana	30057
30	059	Meagher	Montana	30059
30	061	Mineral	Montana	30061
30	063	Missoula	Montana	30063
30	065	Musselshell	Montana	30065
30	067	Park	Montana	30067
30	069	Petroleum	Montana	30069
30	071	Phillips	Montana	30071
30	073	Pondera	Montana	30073
30	075	Powder River	Montana	30075
30	077	Powell	Montana	30077
30	079	Prairie	Montana	30079
30	081	Ravalli	Montana	30081
30	083	Richland	Montana	30083
30	085	Roosevelt	Montana	30085
30	087	Rosebud	Montana	30087
30	089	Sanders	Montana	30089
30	091	Sheridan	Montana	30091
30	093	Silver Bow	Montana	30093
30	095	Stillwater	Montana	30095
30	097	Sweet Grass	Montana	30097
30	099	Teton	Montana	30099
30	101	Toole	Montana	30101
30	103	Treasure	Montana	30103
30	105	Valley	Montana	30105
30	107	Wheatland	Montana	30107
30	109	Wibaux	Montana	30109
30	111	Yellowstone	Montana	30111
31	001	Adams	Nebraska	31001
31	003	Antelope	Nebraska	31003
31	005	Arthur	Nebraska	31005
31	007	Banner	Nebraska	31007
31	009	Blaine	Nebraska	31009
31	011	Boone	Nebraska	31011
31	013	Box Butte	Nebraska	31013
31	015	Boyd	Nebraska	31015
31	017	Brown	Nebraska	31017
31	019	Buffalo	Nebraska	31019
31	021	Burt	Nebraska	31021
31	023	Butler	Nebraska	31023
31	025	Cass	Nebraska	31025
31	027	Cedar	Nebraska	31027
31	029	Chase	Nebraska	31029
31	031	Cherry	Nebraska	31031
31	033	Cheyenne	Nebraska	31033
31	035	Clay	Nebraska	31035
31	037	Colfax	Nebraska	31037
31	039	Cuming	Nebraska	31039
31	041	Custer	Nebraska	31041
31	043	Dakota	Nebraska	31043
31	045	Dawes	Nebraska	31045
31	047	Dawson	Nebraska	31047
31	049	Deuel	Nebraska	31049
31	051	Dixon	Nebraska	31051
31	053	Dodge	Nebraska	31053
31	055	Douglas	Nebraska	31055
31	057	Dundy	Nebraska	31057
31	059	Fillmore	Nebraska	31059
31	061	Franklin	Nebraska	31061
31	063	Frontier	Nebraska	31063
31	065	Furnas	Nebraska	31065
31	067	Gage	Nebraska	31067
31	069	Garden	Nebraska	31069
31	071	Garfield	Nebraska	31071
31	073	Gosper	Nebraska	31073
31	075	Grant	Nebraska	31075
31	077	Greeley	Nebraska	31077
31	079	Hall	Nebraska	31079
31	081	Hamilton	Nebraska	31081
31	083	Harlan	Nebraska	31083
31	085	Hayes	Nebraska	31085
31	087	Hitchcock	Nebraska	31087
31	089	Holt	Nebraska	31089
31	091	Hooker	Nebraska	31091
31	093	Howard	Nebraska	31093
31	095	Jefferson	Nebraska	31095
31	097	Johnson	Nebraska	31097
31	099	Kearney	Nebraska	31099
31	101	Keith	Nebraska	31101
31	103	Keya Paha	Nebraska	31103
31	105	Kimball	Nebraska	31105
31	107	Knox	Nebraska	31107
31	109	Lancaster	Nebraska	31109
31	111	Lincoln	Nebraska	31111
31	113	Logan	Nebraska	31113
31	115	Loup	Nebraska	31115
31	117	McPherson	Nebraska	31117
31	119	Madison	Nebraska	31119
31	121	Merrick	Nebraska	31121
31	123	Morrill	Nebraska	31123
31	125	Nance	Nebraska	31125
31	127	Nemaha	Nebraska	31127
31	129	Nuckolls	Nebraska	31129
31	131	Otoe	Nebraska	31131
31	133	Pawnee	Nebraska	31133
31	135	Perkins	Nebraska	31135
31	137	Phelps	Nebraska	31137
31	139	Pierce	Nebraska	31139
31	141	Platte	Nebraska	31141
31	143	Polk	Nebraska	31143
31	145	Red Willow	Nebraska	31145
31	147	Richardson	Nebraska	31147
31	149	Rock	Nebraska	31149
31	151	Saline	Nebraska	31151
31	153	Sarpy	Nebraska	31153
31	155	Saunders	Nebraska	31155
31	157	Scotts Bluff	Nebraska	31157
31	159	Seward	Nebraska	31159
31	161	Sheridan	Nebraska	31161
31	163	Sherman	Nebraska	31163
31	165	Sioux	Nebraska	31165
31	167	Stanton	Nebraska	31167
31	169	Thayer	Nebraska	31169
31	171	Thomas	Nebraska	31171
31	173	Thurston	Nebraska	31173
31	175	Valley	Nebraska	31175
31	177	Washington	Nebraska	31177
31	179	Wayne	Nebraska	31179
31	181	Webster	Nebraska	31181
31	183	Wheeler	Nebraska	31183
31	185	York	Nebraska	31185
32	001	Churchill	Nevada	32001
32	003	Clark	Nevada	32003
32	005	Douglas	Nevada	32005
32	007	Elko	Nevada	32007
32	009	Esmeralda	Nevada	32009
32	011	Eureka	Nevada	32011
32	013	Humboldt	Nevada	32013
32	015	Lander	Nevada	32015
32	017	Lincoln	Nevada	32017
32	019	Lyon	Nevada	32019
32	021	Mineral	Nevada	32021
32	023	Nye	Nevada	32023
32	027	Pershing	Nevada	32027
32	029	Storey	Nevada	32029
32	031	Washoe	Nevada	32031
32	033	White Pine	Nevada	32033
32	510	Carson City	Nevada	32510
33	001	Belknap	New Hampshire	33001
33	003	Carroll	New Hampshire	33003
33	005	Cheshire	New Hampshire	33005
33	007	Coos	New Hampshire	33007
33	009	Grafton	New Hampshire	33009
33	011	Hillsborough	New Hampshire	33011
33	013	Merrimack	New Hampshire	33013
33	015	Rockingham	New Hampshire	33015
33	017	Strafford	New Hampshire	33017
33	019	Sullivan	New Hampshire	33019
34	001	Atlantic	New Jersey	34001
34	003	Bergen	New Jersey	34003
34	005	Burlington	New Jersey	34005
34	007	Camden	New Jersey	34007
34	009	Cape May	New Jersey	34009
34	011	Cumberland	New Jersey	34011
34	013	Essex	New Jersey	34013
34	015	Gloucester	New Jersey	34015
34	017	Hudson	New Jersey	34017
34	019	Hunterdon	New Jersey	34019
34	021	Mercer	New Jersey	34021
34	023	Middlesex	New Jersey	34023
34	025	Monmouth	New Jersey	34025
34	027	Morris	New Jersey	34027
34	029	Ocean	New Jersey	34029
34	031	Passaic	New Jersey	34031
34	033	Salem	New Jersey	34033
34	035	Somerset	New Jersey	34035
34	037	Sussex	New Jersey	34037
34	039	Union	New Jersey	34039
34	041	Warren	New Jersey	34041
35	001	Bernalillo	New Mexico	35001
35	003	Catron	New Mexico	35003
35	005	Chaves	New Mexico	35005
35	006	Cibola	New Mexico	35006
35	007	Colfax	New Mexico	35007
35	009	Curry	New Mexico	35009
35	011	De Baca	New Mexico	35011
35	013	Doa Ana	New Mexico	35013
35	015	Eddy	New Mexico	35015
35	017	Grant	New Mexico	35017
35	019	Guadalupe	New Mexico	35019
35	021	Harding	New Mexico	35021
35	023	Hidalgo	New Mexico	35023
35	025	Lea	New Mexico	35025
35	027	Lincoln	New Mexico	35027
35	028	Los Alamos	New Mexico	35028
35	029	Luna	New Mexico	35029
35	031	McKinley	New Mexico	35031
35	033	Mora	New Mexico	35033
35	035	Otero	New Mexico	35035
35	037	Quay	New Mexico	35037
35	039	Rio Arriba	New Mexico	35039
35	041	Roosevelt	New Mexico	35041
35	043	Sandoval	New Mexico	35043
35	045	San Juan	New Mexico	35045
35	047	San Miguel	New Mexico	35047
35	049	Santa Fe	New Mexico	35049
35	051	Sierra	New Mexico	35051
35	053	Socorro	New Mexico	35053
35	055	Taos	New Mexico	35055
35	057	Torrance	New Mexico	35057
35	059	Union	New Mexico	35059
35	061	Valencia	New Mexico	35061
36	001	Albany	New York	36001
36	003	Allegany	New York	36003
36	005	Bronx	New York	36005
36	007	Broome	New York	36007
36	009	Cattaraugus	New York	36009
36	011	Cayuga	New York	36011
36	013	Chautauqua	New York	36013
36	015	Chemung	New York	36015
36	017	Chenango	New York	36017
36	019	Clinton	New York	36019
36	021	Columbia	New York	36021
36	023	Cortland	New York	36023
36	025	Delaware	New York	36025
36	027	Dutchess	New York	36027
36	029	Erie	New York	36029
36	031	Essex	New York	36031
36	033	Franklin	New York	36033
36	035	Fulton	New York	36035
36	037	Genesee	New York	36037
36	039	Greene	New York	36039
36	041	Hamilton	New York	36041
36	043	Herkimer	New York	36043
36	045	Jefferson	New York	36045
36	047	Kings	New York	36047
36	049	Lewis	New York	36049
36	051	Livingston	New York	36051
36	053	Madison	New York	36053
36	055	Monroe	New York	36055
36	057	Montgomery	New York	36057
36	059	Nassau	New York	36059
36	061	New York	New York	36061
36	063	Niagara	New York	36063
36	065	Oneida	New York	36065
36	067	Onondaga	New York	36067
36	069	Ontario	New York	36069
36	071	Orange	New York	36071
36	073	Orleans	New York	36073
36	075	Oswego	New York	36075
36	077	Otsego	New York	36077
36	079	Putnam	New York	36079
36	081	Queens	New York	36081
36	083	Rensselaer	New York	36083
36	085	Richmond	New York	36085
36	087	Rockland	New York	36087
36	089	St. Lawrence	New York	36089
36	091	Saratoga	New York	36091
36	093	Schenectady	New York	36093
36	095	Schoharie	New York	36095
36	097	Schuyler	New York	36097
36	099	Seneca	New York	36099
36	101	Steuben	New York	36101
36	103	Suffolk	New York	36103
36	105	Sullivan	New York	36105
36	107	Tioga	New York	36107
36	109	Tompkins	New York	36109
36	111	Ulster	New York	36111
36	113	Warren	New York	36113
36	115	Washington	New York	36115
36	117	Wayne	New York	36117
36	119	Westchester	New York	36119
36	121	Wyoming	New York	36121
36	123	Yates	New York	36123
37	001	Alamance	North Carolina	37001
37	003	Alexander	North Carolina	37003
37	005	Alleghany	North Carolina	37005
37	007	Anson	North Carolina	37007
37	009	Ashe	North Carolina	37009
37	011	Avery	North Carolina	37011
37	013	Beaufort	North Carolina	37013
37	015	Bertie	North Carolina	37015
37	017	Bladen	North Carolina	37017
37	019	Brunswick	North Carolina	37019
37	021	Buncombe	North Carolina	37021
37	023	Burke	North Carolina	37023
37	025	Cabarrus	North Carolina	37025
37	027	Caldwell	North Carolina	37027
37	029	Camden	North Carolina	37029
37	031	Carteret	North Carolina	37031
37	033	Caswell	North Carolina	37033
37	035	Catawba	North Carolina	37035
37	037	Chatham	North Carolina	37037
37	039	Cherokee	North Carolina	37039
37	041	Chowan	North Carolina	37041
37	043	Clay	North Carolina	37043
37	045	Cleveland	North Carolina	37045
37	047	Columbus	North Carolina	37047
37	049	Craven	North Carolina	37049
37	051	Cumberland	North Carolina	37051
37	053	Currituck	North Carolina	37053
37	055	Dare	North Carolina	37055
37	057	Davidson	North Carolina	37057
37	059	Davie	North Carolina	37059
37	061	Duplin	North Carolina	37061
37	063	Durham	North Carolina	37063
37	065	Edgecombe	North Carolina	37065
37	067	Forsyth	North Carolina	37067
37	069	Franklin	North Carolina	37069
37	071	Gaston	North Carolina	37071
37	073	Gates	North Carolina	37073
37	075	Graham	North Carolina	37075
37	077	Granville	North Carolina	37077
37	079	Greene	North Carolina	37079
37	081	Guilford	North Carolina	37081
37	083	Halifax	North Carolina	37083
37	085	Harnett	North Carolina	37085
37	087	Haywood	North Carolina	37087
37	089	Henderson	North Carolina	37089
37	091	Hertford	North Carolina	37091
37	093	Hoke	North Carolina	37093
37	095	Hyde	North Carolina	37095
37	097	Iredell	North Carolina	37097
37	099	Jackson	North Carolina	37099
37	101	Johnston	North Carolina	37101
37	103	Jones	North Carolina	37103
37	105	Lee	North Carolina	37105
37	107	Lenoir	North Carolina	37107
37	109	Lincoln	North Carolina	37109
37	111	McDowell	North Carolina	37111
37	113	Macon	North Carolina	37113
37	115	Madison	North Carolina	37115
37	117	Martin	North Carolina	37117
37	119	Mecklenburg	North Carolina	37119
37	121	Mitchell	North Carolina	37121
37	123	Montgomery	North Carolina	37123
37	125	Moore	North Carolina	37125
37	127	Nash	North Carolina	37127
37	129	New Hanover	North Carolina	37129
37	131	Northampton	North Carolina	37131
37	133	Onslow	North Carolina	37133
37	135	Orange	North Carolina	37135
37	137	Pamlico	North Carolina	37137
37	139	Pasquotank	North Carolina	37139
37	141	Pender	North Carolina	37141
37	143	Perquimans	North Carolina	37143
37	145	Person	North Carolina	37145
37	147	Pitt	North Carolina	37147
37	149	Polk	North Carolina	37149
37	151	Randolph	North Carolina	37151
37	153	Richmond	North Carolina	37153
37	155	Robeson	North Carolina	37155
37	157	Rockingham	North Carolina	37157
37	159	Rowan	North Carolina	37159
37	161	Rutherford	North Carolina	37161
37	163	Sampson	North Carolina	37163
37	165	Scotland	North Carolina	37165
37	167	Stanly	North Carolina	37167
37	169	Stokes	North Carolina	37169
37	171	Surry	North Carolina	37171
37	173	Swain	North Carolina	37173
37	175	Transylvania	North Carolina	37175
37	177	Tyrrell	North Carolina	37177
37	179	Union	North Carolina	37179
37	181	Vance	North Carolina	37181
37	183	Wake	North Carolina	37183
37	185	Warren	North Carolina	37185
37	187	Washington	North Carolina	37187
37	189	Watauga	North Carolina	37189
37	191	Wayne	North Carolina	37191
37	193	Wilkes	North Carolina	37193
37	195	Wilson	North Carolina	37195
37	197	Yadkin	North Carolina	37197
37	199	Yancey	North Carolina	37199
38	001	Adams	North Dakota	38001
38	003	Barnes	North Dakota	38003
38	005	Benson	North Dakota	38005
38	007	Billings	North Dakota	38007
38	009	Bottineau	North Dakota	38009
38	011	Bowman	North Dakota	38011
38	013	Burke	North Dakota	38013
38	015	Burleigh	North Dakota	38015
38	017	Cass	North Dakota	38017
38	019	Cavalier	North Dakota	38019
38	021	Dickey	North Dakota	38021
38	023	Divide	North Dakota	38023
38	025	Dunn	North Dakota	38025
38	027	Eddy	North Dakota	38027
38	029	Emmons	North Dakota	38029
38	031	Foster	North Dakota	38031
38	033	Golden Valley	North Dakota	38033
38	035	Grand Forks	North Dakota	38035
38	037	Grant	North Dakota	38037
38	039	Griggs	North Dakota	38039
38	041	Hettinger	North Dakota	38041
38	043	Kidder	North Dakota	38043
38	045	LaMoure	North Dakota	38045
38	047	Logan	North Dakota	38047
38	049	McHenry	North Dakota	38049
38	051	McIntosh	North Dakota	38051
38	053	McKenzie	North Dakota	38053
38	055	McLean	North Dakota	38055
38	057	Mercer	North Dakota	38057
38	059	Morton	North Dakota	38059
38	061	Mountrail	North Dakota	38061
38	063	Nelson	North Dakota	38063
38	065	Oliver	North Dakota	38065
38	067	Pembina	North Dakota	38067
38	069	Pierce	North Dakota	38069
38	071	Ramsey	North Dakota	38071
38	073	Ransom	North Dakota	38073
38	075	Renville	North Dakota	38075
38	077	Richland	North Dakota	38077
38	079	Rolette	North Dakota	38079
38	081	Sargent	North Dakota	38081
38	083	Sheridan	North Dakota	38083
38	085	Sioux	North Dakota	38085
38	087	Slope	North Dakota	38087
38	089	Stark	North Dakota	38089
38	091	Steele	North Dakota	38091
38	093	Stutsman	North Dakota	38093
38	095	Towner	North Dakota	38095
38	097	Traill	North Dakota	38097
38	099	Walsh	North Dakota	38099
38	101	Ward	North Dakota	38101
38	103	Wells	North Dakota	38103
38	105	Williams	North Dakota	38105
39	001	Adams	Ohio	39001
39	003	Allen	Ohio	39003
39	005	Ashland	Ohio	39005
39	007	Ashtabula	Ohio	39007
39	009	Athens	Ohio	39009
39	011	Auglaize	Ohio	39011
39	013	Belmont	Ohio	39013
39	015	Brown	Ohio	39015
39	017	Butler	Ohio	39017
39	019	Carroll	Ohio	39019
39	021	Champaign	Ohio	39021
39	023	Clark	Ohio	39023
39	025	Clermont	Ohio	39025
39	027	Clinton	Ohio	39027
39	029	Columbiana	Ohio	39029
39	031	Coshocton	Ohio	39031
39	033	Crawford	Ohio	39033
39	035	Cuyahoga	Ohio	39035
39	037	Darke	Ohio	39037
39	039	Defiance	Ohio	39039
39	041	Delaware	Ohio	39041
39	043	Erie	Ohio	39043
39	045	Fairfield	Ohio	39045
39	047	Fayette	Ohio	39047
39	049	Franklin	Ohio	39049
39	051	Fulton	Ohio	39051
39	053	Gallia	Ohio	39053
39	055	Geauga	Ohio	39055
39	057	Greene	Ohio	39057
39	059	Guernsey	Ohio	39059
39	061	Hamilton	Ohio	39061
39	063	Hancock	Ohio	39063
39	065	Hardin	Ohio	39065
39	067	Harrison	Ohio	39067
39	069	Henry	Ohio	39069
39	071	Highland	Ohio	39071
39	073	Hocking	Ohio	39073
39	075	Holmes	Ohio	39075
39	077	Huron	Ohio	39077
39	079	Jackson	Ohio	39079
39	081	Jefferson	Ohio	39081
39	083	Knox	Ohio	39083
39	085	Lake	Ohio	39085
39	087	Lawrence	Ohio	39087
39	089	Licking	Ohio	39089
39	091	Logan	Ohio	39091
39	093	Lorain	Ohio	39093
39	095	Lucas	Ohio	39095
39	097	Madison	Ohio	39097
39	099	Mahoning	Ohio	39099
39	101	Marion	Ohio	39101
39	103	Medina	Ohio	39103
39	105	Meigs	Ohio	39105
39	107	Mercer	Ohio	39107
39	109	Miami	Ohio	39109
39	111	Monroe	Ohio	39111
39	113	Montgomery	Ohio	39113
39	115	Morgan	Ohio	39115
39	117	Morrow	Ohio	39117
39	119	Muskingum	Ohio	39119
39	121	Noble	Ohio	39121
39	123	Ottawa	Ohio	39123
39	125	Paulding	Ohio	39125
39	127	Perry	Ohio	39127
39	129	Pickaway	Ohio	39129
39	131	Pike	Ohio	39131
39	133	Portage	Ohio	39133
39	135	Preble	Ohio	39135
39	137	Putnam	Ohio	39137
39	139	Richland	Ohio	39139
39	141	Ross	Ohio	39141
39	143	Sandusky	Ohio	39143
39	145	Scioto	Ohio	39145
39	147	Seneca	Ohio	39147
39	149	Shelby	Ohio	39149
39	151	Stark	Ohio	39151
39	153	Summit	Ohio	39153
39	155	Trumbull	Ohio	39155
39	157	Tuscarawas	Ohio	39157
39	159	Union	Ohio	39159
39	161	Van Wert	Ohio	39161
39	163	Vinton	Ohio	39163
39	165	Warren	Ohio	39165
39	167	Washington	Ohio	39167
39	169	Wayne	Ohio	39169
39	171	Williams	Ohio	39171
39	173	Wood	Ohio	39173
39	175	Wyandot	Ohio	39175
40	001	Adair	Oklahoma	40001
40	003	Alfalfa	Oklahoma	40003
40	005	Atoka	Oklahoma	40005
40	007	Beaver	Oklahoma	40007
40	009	Beckham	Oklahoma	40009
40	011	Blaine	Oklahoma	40011
40	013	Bryan	Oklahoma	40013
40	015	Caddo	Oklahoma	40015
40	017	Canadian	Oklahoma	40017
40	019	Carter	Oklahoma	40019
40	021	Cherokee	Oklahoma	40021
40	023	Choctaw	Oklahoma	40023
40	025	Cimarron	Oklahoma	40025
40	027	Cleveland	Oklahoma	40027
40	029	Coal	Oklahoma	40029
40	031	Comanche	Oklahoma	40031
40	033	Cotton	Oklahoma	40033
40	035	Craig	Oklahoma	40035
40	037	Creek	Oklahoma	40037
40	039	Custer	Oklahoma	40039
40	041	Delaware	Oklahoma	40041
40	043	Dewey	Oklahoma	40043
40	045	Ellis	Oklahoma	40045
40	047	Garfield	Oklahoma	40047
40	049	Garvin	Oklahoma	40049
40	051	Grady	Oklahoma	40051
40	053	Grant	Oklahoma	40053
40	055	Greer	Oklahoma	40055
40	057	Harmon	Oklahoma	40057
40	059	Harper	Oklahoma	40059
40	061	Haskell	Oklahoma	40061
40	063	Hughes	Oklahoma	40063
40	065	Jackson	Oklahoma	40065
40	067	Jefferson	Oklahoma	40067
40	069	Johnston	Oklahoma	40069
40	071	Kay	Oklahoma	40071
40	073	Kingfisher	Oklahoma	40073
40	075	Kiowa	Oklahoma	40075
40	077	Latimer	Oklahoma	40077
40	079	Le Flore	Oklahoma	40079
40	081	Lincoln	Oklahoma	40081
40	083	Logan	Oklahoma	40083
40	085	Love	Oklahoma	40085
40	087	McClain	Oklahoma	40087
40	089	McCurtain	Oklahoma	40089
40	091	McIntosh	Oklahoma	40091
40	093	Major	Oklahoma	40093
40	095	Marshall	Oklahoma	40095
40	097	Mayes	Oklahoma	40097
40	099	Murray	Oklahoma	40099
40	101	Muskogee	Oklahoma	40101
40	103	Noble	Oklahoma	40103
40	105	Nowata	Oklahoma	40105
40	107	Okfuskee	Oklahoma	40107
40	109	Oklahoma	Oklahoma	40109
40	111	Okmulgee	Oklahoma	40111
40	113	Osage	Oklahoma	40113
40	115	Ottawa	Oklahoma	40115
40	117	Pawnee	Oklahoma	40117
40	119	Payne	Oklahoma	40119
40	121	Pittsburg	Oklahoma	40121
40	123	Pontotoc	Oklahoma	40123
40	125	Pottawatomie	Oklahoma	40125
40	127	Pushmataha	Oklahoma	40127
40	129	Roger Mills	Oklahoma	40129
40	131	Rogers	Oklahoma	40131
40	133	Seminole	Oklahoma	40133
40	135	Sequoyah	Oklahoma	40135
40	137	Stephens	Oklahoma	40137
40	139	Texas	Oklahoma	40139
40	141	Tillman	Oklahoma	40141
40	143	Tulsa	Oklahoma	40143
40	145	Wagoner	Oklahoma	40145
40	147	Washington	Oklahoma	40147
40	149	Washita	Oklahoma	40149
40	151	Woods	Oklahoma	40151
40	153	Woodward	Oklahoma	40153
41	001	Baker	Oregon	41001
41	003	Benton	Oregon	41003
41	005	Clackamas	Oregon	41005
41	007	Clatsop	Oregon	41007
41	009	Columbia	Oregon	41009
41	011	Coos	Oregon	41011
41	013	Crook	Oregon	41013
41	015	Curry	Oregon	41015
41	017	Deschutes	Oregon	41017
41	019	Douglas	Oregon	41019
41	021	Gilliam	Oregon	41021
41	023	Grant	Oregon	41023
41	025	Harney	Oregon	41025
41	027	Hood River	Oregon	41027
41	029	Jackson	Oregon	41029
41	031	Jefferson	Oregon	41031
41	033	Josephine	Oregon	41033
41	035	Klamath	Oregon	41035
41	037	Lake	Oregon	41037
41	039	Lane	Oregon	41039
41	041	Lincoln	Oregon	41041
41	043	Linn	Oregon	41043
41	045	Malheur	Oregon	41045
41	047	Marion	Oregon	41047
41	049	Morrow	Oregon	41049
41	051	Multnomah	Oregon	41051
41	053	Polk	Oregon	41053
41	055	Sherman	Oregon	41055
41	057	Tillamook	Oregon	41057
41	059	Umatilla	Oregon	41059
41	061	Union	Oregon	41061
41	063	Wallowa	Oregon	41063
41	065	Wasco	Oregon	41065
41	067	Washington	Oregon	41067
41	069	Wheeler	Oregon	41069
41	071	Yamhill	Oregon	41071
42	001	Adams	Pennsylvania	42001
42	003	Allegheny	Pennsylvania	42003
42	005	Armstrong	Pennsylvania	42005
42	007	Beaver	Pennsylvania	42007
42	009	Bedford	Pennsylvania	42009
42	011	Berks	Pennsylvania	42011
42	013	Blair	Pennsylvania	42013
42	015	Bradford	Pennsylvania	42015
42	017	Bucks	Pennsylvania	42017
42	019	Butler	Pennsylvania	42019
42	021	Cambria	Pennsylvania	42021
42	023	Cameron	Pennsylvania	42023
42	025	Carbon	Pennsylvania	42025
42	027	Centre	Pennsylvania	42027
42	029	Chester	Pennsylvania	42029
42	031	Clarion	Pennsylvania	42031
42	033	Clearfield	Pennsylvania	42033
42	035	Clinton	Pennsylvania	42035
42	037	Columbia	Pennsylvania	42037
42	039	Crawford	Pennsylvania	42039
42	041	Cumberland	Pennsylvania	42041
42	043	Dauphin	Pennsylvania	42043
42	045	Delaware	Pennsylvania	42045
42	047	Elk	Pennsylvania	42047
42	049	Erie	Pennsylvania	42049
42	051	Fayette	Pennsylvania	42051
42	053	Forest	Pennsylvania	42053
42	055	Franklin	Pennsylvania	42055
42	057	Fulton	Pennsylvania	42057
42	059	Greene	Pennsylvania	42059
42	061	Huntingdon	Pennsylvania	42061
42	063	Indiana	Pennsylvania	42063
42	065	Jefferson	Pennsylvania	42065
42	067	Juniata	Pennsylvania	42067
42	069	Lackawanna	Pennsylvania	42069
42	071	Lancaster	Pennsylvania	42071
42	073	Lawrence	Pennsylvania	42073
42	075	Lebanon	Pennsylvania	42075
42	077	Lehigh	Pennsylvania	42077
42	079	Luzerne	Pennsylvania	42079
42	081	Lycoming	Pennsylvania	42081
42	083	McKean	Pennsylvania	42083
42	085	Mercer	Pennsylvania	42085
42	087	Mifflin	Pennsylvania	42087
42	089	Monroe	Pennsylvania	42089
42	091	Montgomery	Pennsylvania	42091
42	093	Montour	Pennsylvania	42093
42	095	Northampton	Pennsylvania	42095
42	097	Northumberland	Pennsylvania	42097
42	099	Perry	Pennsylvania	42099
42	101	Philadelphia	Pennsylvania	42101
42	103	Pike	Pennsylvania	42103
42	105	Potter	Pennsylvania	42105
42	107	Schuylkill	Pennsylvania	42107
42	109	Snyder	Pennsylvania	42109
42	111	Somerset	Pennsylvania	42111
42	113	Sullivan	Pennsylvania	42113
42	115	Susquehanna	Pennsylvania	42115
42	117	Tioga	Pennsylvania	42117
42	119	Union	Pennsylvania	42119
42	121	Venango	Pennsylvania	42121
42	123	Warren	Pennsylvania	42123
42	125	Washington	Pennsylvania	42125
42	127	Wayne	Pennsylvania	42127
42	129	Westmoreland	Pennsylvania	42129
42	131	Wyoming	Pennsylvania	42131
42	133	York	Pennsylvania	42133
44	001	Bristol	Rhode Island	44001
44	003	Kent	Rhode Island	44003
44	005	Newport	Rhode Island	44005
44	007	Providence	Rhode Island	44007
44	009	Washington	Rhode Island	44009
45	001	Abbeville	South Carolina	45001
45	003	Aiken	South Carolina	45003
45	005	Allendale	South Carolina	45005
45	007	Anderson	South Carolina	45007
45	009	Bamberg	South Carolina	45009
45	011	Barnwell	South Carolina	45011
45	013	Beaufort	South Carolina	45013
45	015	Berkeley	South Carolina	45015
45	017	Calhoun	South Carolina	45017
45	019	Charleston	South Carolina	45019
45	021	Cherokee	South Carolina	45021
45	023	Chester	South Carolina	45023
45	025	Chesterfield	South Carolina	45025
45	027	Clarendon	South Carolina	45027
45	029	Colleton	South Carolina	45029
45	031	Darlington	South Carolina	45031
45	033	Dillon	South Carolina	45033
45	035	Dorchester	South Carolina	45035
45	037	Edgefield	South Carolina	45037
45	039	Fairfield	South Carolina	45039
45	041	Florence	South Carolina	45041
45	043	Georgetown	South Carolina	45043
45	045	Greenville	South Carolina	45045
45	047	Greenwood	South Carolina	45047
45	049	Hampton	South Carolina	45049
45	051	Horry	South Carolina	45051
45	053	Jasper	South Carolina	45053
45	055	Kershaw	South Carolina	45055
45	057	Lancaster	South Carolina	45057
45	059	Laurens	South Carolina	45059
45	061	Lee	South Carolina	45061
45	063	Lexington	South Carolina	45063
45	065	McCormick	South Carolina	45065
45	067	Marion	South Carolina	45067
45	069	Marlboro	South Carolina	45069
45	071	Newberry	South Carolina	45071
45	073	Oconee	South Carolina	45073
45	075	Orangeburg	South Carolina	45075
45	077	Pickens	South Carolina	45077
45	079	Richland	South Carolina	45079
45	081	Saluda	South Carolina	45081
45	083	Spartanburg	South Carolina	45083
45	085	Sumter	South Carolina	45085
45	087	Union	South Carolina	45087
45	089	Williamsburg	South Carolina	45089
45	091	York	South Carolina	45091
46	003	Aurora	South Dakota	46003
46	005	Beadle	South Dakota	46005
46	007	Bennett	South Dakota	46007
46	009	Bon Homme	South Dakota	46009
46	011	Brookings	South Dakota	46011
46	013	Brown	South Dakota	46013
46	015	Brule	South Dakota	46015
46	017	Buffalo	South Dakota	46017
46	019	Butte	South Dakota	46019
46	021	Campbell	South Dakota	46021
46	023	Charles Mix	South Dakota	46023
46	025	Clark	South Dakota	46025
46	027	Clay	South Dakota	46027
46	029	Codington	South Dakota	46029
46	031	Corson	South Dakota	46031
46	033	Custer	South Dakota	46033
46	035	Davison	South Dakota	46035
46	037	Day	South Dakota	46037
46	039	Deuel	South Dakota	46039
46	041	Dewey	South Dakota	46041
46	043	Douglas	South Dakota	46043
46	045	Edmunds	South Dakota	46045
46	047	Fall River	South Dakota	46047
46	049	Faulk	South Dakota	46049
46	051	Grant	South Dakota	46051
46	053	Gregory	South Dakota	46053
46	055	Haakon	South Dakota	46055
46	057	Hamlin	South Dakota	46057
46	059	Hand	South Dakota	46059
46	061	Hanson	South Dakota	46061
46	063	Harding	South Dakota	46063
46	065	Hughes	South Dakota	46065
46	067	Hutchinson	South Dakota	46067
46	069	Hyde	South Dakota	46069
46	071	Jackson	South Dakota	46071
46	073	Jerauld	South Dakota	46073
46	075	Jones	South Dakota	46075
46	077	Kingsbury	South Dakota	46077
46	079	Lake	South Dakota	46079
46	081	Lawrence	South Dakota	46081
46	083	Lincoln	South Dakota	46083
46	085	Lyman	South Dakota	46085
46	087	McCook	South Dakota	46087
46	089	McPherson	South Dakota	46089
46	091	Marshall	South Dakota	46091
46	093	Meade	South Dakota	46093
46	095	Mellette	South Dakota	46095
46	097	Miner	South Dakota	46097
46	099	Minnehaha	South Dakota	46099
46	101	Moody	South Dakota	46101
46	102	Oglala Lakota	South Dakota	46102
46	103	Pennington	South Dakota	46103
46	105	Perkins	South Dakota	46105
46	107	Potter	South Dakota	46107
46	109	Roberts	South Dakota	46109
46	111	Sanborn	South Dakota	46111
46	115	Spink	South Dakota	46115
46	117	Stanley	South Dakota	46117
46	119	Sully	South Dakota	46119
46	121	Todd	South Dakota	46121
46	123	Tripp	South Dakota	46123
46	125	Turner	South Dakota	46125
46	127	Union	South Dakota	46127
46	129	Walworth	South Dakota	46129
46	135	Yankton	South Dakota	46135
46	137	Ziebach	South Dakota	46137
47	001	Anderson	Tennessee	47001
47	003	Bedford	Tennessee	47003
47	005	Benton	Tennessee	47005
47	007	Bledsoe	Tennessee	47007
47	009	Blount	Tennessee	47009
47	011	Bradley	Tennessee	47011
47	013	Campbell	Tennessee	47013
47	015	Cannon	Tennessee	47015
47	017	Carroll	Tennessee	47017
47	019	Carter	Tennessee	47019
47	021	Cheatham	Tennessee	47021
47	023	Chester	Tennessee	47023
47	025	Claiborne	Tennessee	47025
47	027	Clay	Tennessee	47027
47	029	Cocke	Tennessee	47029
47	031	Coffee	Tennessee	47031
47	033	Crockett	Tennessee	47033
47	035	Cumberland	Tennessee	47035
47	037	Davidson	Tennessee	47037
47	039	Decatur	Tennessee	47039
47	041	DeKalb	Tennessee	47041
47	043	Dickson	Tennessee	47043
47	045	Dyer	Tennessee	47045
47	047	Fayette	Tennessee	47047
47	049	Fentress	Tennessee	47049
47	051	Franklin	Tennessee	47051
47	053	Gibson	Tennessee	47053
47	055	Giles	Tennessee	47055
47	057	Grainger	Tennessee	47057
47	059	Greene	Tennessee	47059
47	061	Grundy	Tennessee	47061
47	063	Hamblen	Tennessee	47063
47	065	Hamilton	Tennessee	47065
47	067	Hancock	Tennessee	47067
47	069	Hardeman	Tennessee	47069
47	071	Hardin	Tennessee	47071
47	073	Hawkins	Tennessee	47073
47	075	Haywood	Tennessee	47075
47	077	Henderson	Tennessee	47077
47	079	Henry	Tennessee	47079
47	081	Hickman	Tennessee	47081
47	083	Houston	Tennessee	47083
47	085	Humphreys	Tennessee	47085
47	087	Jackson	Tennessee	47087
47	089	Jefferson	Tennessee	47089
47	091	Johnson	Tennessee	47091
47	093	Knox	Tennessee	47093
47	095	Lake	Tennessee	47095
47	097	Lauderdale	Tennessee	47097
47	099	Lawrence	Tennessee	47099
47	101	Lewis	Tennessee	47101
47	103	Lincoln	Tennessee	47103
47	105	Loudon	Tennessee	47105
47	107	McMinn	Tennessee	47107
47	109	McNairy	Tennessee	47109
47	111	Macon	Tennessee	47111
47	113	Madison	Tennessee	47113
47	115	Marion	Tennessee	47115
47	117	Marshall	Tennessee	47117
47	119	Maury	Tennessee	47119
47	121	Meigs	Tennessee	47121
47	123	Monroe	Tennessee	47123
47	125	Montgomery	Tennessee	47125
47	127	Moore	Tennessee	47127
47	129	Morgan	Tennessee	47129
47	131	Obion	Tennessee	47131
47	133	Overton	Tennessee	47133
47	135	Perry	Tennessee	47135
47	137	Pickett	Tennessee	47137
47	139	Polk	Tennessee	47139
47	141	Putnam	Tennessee	47141
47	143	Rhea	Tennessee	47143
47	145	Roane	Tennessee	47145
47	147	Robertson	Tennessee	47147
47	149	Rutherford	Tennessee	47149
47	151	Scott	Tennessee	47151
47	153	Sequatchie	Tennessee	47153
47	155	Sevier	Tennessee	47155
47	157	Shelby	Tennessee	47157
47	159	Smith	Tennessee	47159
47	161	Stewart	Tennessee	47161
47	163	Sullivan	Tennessee	47163
47	165	Sumner	Tennessee	47165
47	167	Tipton	Tennessee	47167
47	169	Trousdale	Tennessee	47169
47	171	Unicoi	Tennessee	47171
47	173	Union	Tennessee	47173
47	175	Van Buren	Tennessee	47175
47	177	Warren	Tennessee	47177
47	179	Washington	Tennessee	47179
47	181	Wayne	Tennessee	47181
47	183	Weakley	Tennessee	47183
47	185	White	Tennessee	47185
47	187	Williamson	Tennessee	47187
47	189	Wilson	Tennessee	47189
48	001	Anderson	Texas	48001
48	003	Andrews	Texas	48003
48	005	Angelina	Texas	48005
48	007	Aransas	Texas	48007
48	009	Archer	Texas	48009
48	011	Armstrong	Texas	48011
48	013	Atascosa	Texas	48013
48	015	Austin	Texas	48015
48	017	Bailey	Texas	48017
48	019	Bandera	Texas	48019
48	021	Bastrop	Texas	48021
48	023	Baylor	Texas	48023
48	025	Bee	Texas	48025
48	027	Bell	Texas	48027
48	029	Bexar	Texas	48029
48	031	Blanco	Texas	48031
48	033	Borden	Texas	48033
48	035	Bosque	Texas	48035
48	037	Bowie	Texas	48037
48	039	Brazoria	Texas	48039
48	041	Brazos	Texas	48041
48	043	Brewster	Texas	48043
48	045	Briscoe	Texas	48045
48	047	Brooks	Texas	48047
48	049	Brown	Texas	48049
48	051	Burleson	Texas	48051
48	053	Burnet	Texas	48053
48	055	Caldwell	Texas	48055
48	057	Calhoun	Texas	48057
48	059	Callahan	Texas	48059
48	061	Cameron	Texas	48061
48	063	Camp	Texas	48063
48	065	Carson	Texas	48065
48	067	Cass	Texas	48067
48	069	Castro	Texas	48069
48	071	Chambers	Texas	48071
48	073	Cherokee	Texas	48073
48	075	Childress	Texas	48075
48	077	Clay	Texas	48077
48	079	Cochran	Texas	48079
48	081	Coke	Texas	48081
48	083	Coleman	Texas	48083
48	085	Collin	Texas	48085
48	087	Collingsworth	Texas	48087
48	089	Colorado	Texas	48089
48	091	Comal	Texas	48091
48	093	Comanche	Texas	48093
48	095	Concho	Texas	48095
48	097	Cooke	Texas	48097
48	099	Coryell	Texas	48099
48	101	Cottle	Texas	48101
48	103	Crane	Texas	48103
48	105	Crockett	Texas	48105
48	107	Crosby	Texas	48107
48	109	Culberson	Texas	48109
48	111	Dallam	Texas	48111
48	113	Dallas	Texas	48113
48	115	Dawson	Texas	48115
48	117	Deaf Smith	Texas	48117
48	119	Delta	Texas	48119
48	121	Denton	Texas	48121
48	123	DeWitt	Texas	48123
48	125	Dickens	Texas	48125
48	127	Dimmit	Texas	48127
48	129	Donley	Texas	48129
48	131	Duval	Texas	48131
48	133	Eastland	Texas	48133
48	135	Ector	Texas	48135
48	137	Edwards	Texas	48137
48	139	Ellis	Texas	48139
48	141	El Paso	Texas	48141
48	143	Erath	Texas	48143
48	145	Falls	Texas	48145
48	147	Fannin	Texas	48147
48	149	Fayette	Texas	48149
48	151	Fisher	Texas	48151
48	153	Floyd	Texas	48153
48	155	Foard	Texas	48155
48	157	Fort Bend	Texas	48157
48	159	Franklin	Texas	48159
48	161	Freestone	Texas	48161
48	163	Frio	Texas	48163
48	165	Gaines	Texas	48165
48	167	Galveston	Texas	48167
48	169	Garza	Texas	48169
48	171	Gillespie	Texas	48171
48	173	Glasscock	Texas	48173
48	175	Goliad	Texas	48175
48	177	Gonzales	Texas	48177
48	179	Gray	Texas	48179
48	181	Grayson	Texas	48181
48	183	Gregg	Texas	48183
48	185	Grimes	Texas	48185
48	187	Guadalupe	Texas	48187
48	189	Hale	Texas	48189
48	191	Hall	Texas	48191
48	193	Hamilton	Texas	48193
48	195	Hansford	Texas	48195
48	197	Hardeman	Texas	48197
48	199	Hardin	Texas	48199
48	201	Harris	Texas	48201
48	203	Harrison	Texas	48203
48	205	Hartley	Texas	48205
48	207	Haskell	Texas	48207
48	209	Hays	Texas	48209
48	211	Hemphill	Texas	48211
48	213	Henderson	Texas	48213
48	215	Hidalgo	Texas	48215
48	217	Hill	Texas	48217
48	219	Hockley	Texas	48219
48	221	Hood	Texas	48221
48	223	Hopkins	Texas	48223
48	225	Houston	Texas	48225
48	227	Howard	Texas	48227
48	229	Hudspeth	Texas	48229
48	231	Hunt	Texas	48231
48	233	Hutchinson	Texas	48233
48	235	Irion	Texas	48235
48	237	Jack	Texas	48237
48	239	Jackson	Texas	48239
48	241	Jasper	Texas	48241
48	243	Jeff Davis	Texas	48243
48	245	Jefferson	Texas	48245
48	247	Jim Hogg	Texas	48247
48	249	Jim Wells	Texas	48249
48	251	Johnson	Texas	48251
48	253	Jones	Texas	48253
48	255	Karnes	Texas	48255
48	257	Kaufman	Texas	48257
48	259	Kendall	Texas	48259
48	261	Kenedy	Texas	48261
48	263	Kent	Texas	48263
48	265	Kerr	Texas	48265
48	267	Kimble	Texas	48267
48	269	King	Texas	48269
48	271	Kinney	Texas	48271
48	273	Kleberg	Texas	48273
48	275	Knox	Texas	48275
48	277	Lamar	Texas	48277
48	279	Lamb	Texas	48279
48	281	Lampasas	Texas	48281
48	283	La Salle	Texas	48283
48	285	Lavaca	Texas	48285
48	287	Lee	Texas	48287
48	289	Leon	Texas	48289
48	291	Liberty	Texas	48291
48	293	Limestone	Texas	48293
48	295	Lipscomb	Texas	48295
48	297	Live Oak	Texas	48297
48	299	Llano	Texas	48299
48	301	Loving	Texas	48301
48	303	Lubbock	Texas	48303
48	305	Lynn	Texas	48305
48	307	McCulloch	Texas	48307
48	309	McLennan	Texas	48309
48	311	McMullen	Texas	48311
48	313	Madison	Texas	48313
48	315	Marion	Texas	48315
48	317	Martin	Texas	48317
48	319	Mason	Texas	48319
48	321	Matagorda	Texas	48321
48	323	Maverick	Texas	48323
48	325	Medina	Texas	48325
48	327	Menard	Texas	48327
48	329	Midland	Texas	48329
48	331	Milam	Texas	48331
48	333	Mills	Texas	48333
48	335	Mitchell	Texas	48335
48	337	Montague	Texas	48337
48	339	Montgomery	Texas	48339
48	341	Moore	Texas	48341
48	343	Morris	Texas	48343
48	345	Motley	Texas	48345
48	347	Nacogdoches	Texas	48347
48	349	Navarro	Texas	48349
48	351	Newton	Texas	48351
48	353	Nolan	Texas	48353
48	355	Nueces	Texas	48355
48	357	Ochiltree	Texas	48357
48	359	Oldham	Texas	48359
48	361	Orange	Texas	48361
48	363	Palo Pinto	Texas	48363
48	365	Panola	Texas	48365
48	367	Parker	Texas	48367
48	369	Parmer	Texas	48369
48	371	Pecos	Texas	48371
48	373	Polk	Texas	48373
48	375	Potter	Texas	48375
48	377	Presidio	Texas	48377
48	379	Rains	Texas	48379
48	381	Randall	Texas	48381
48	383	Reagan	Texas	48383
48	385	Real	Texas	48385
48	387	Red River	Texas	48387
48	389	Reeves	Texas	48389
48	391	Refugio	Texas	48391
48	393	Roberts	Texas	48393
48	395	Robertson	Texas	48395
48	397	Rockwall	Texas	48397
48	399	Runnels	Texas	48399
48	401	Rusk	Texas	48401
48	403	Sabine	Texas	48403
48	405	San Augustine	Texas	48405
48	407	San Jacinto	Texas	48407
48	409	San Patricio	Texas	48409
48	411	San Saba	Texas	48411
48	413	Schleicher	Texas	48413
48	415	Scurry	Texas	48415
48	417	Shackelford	Texas	48417
48	419	Shelby	Texas	48419
48	421	Sherman	Texas	48421
48	423	Smith	Texas	48423
48	425	Somervell	Texas	48425
48	427	Starr	Texas	48427
48	429	Stephens	Texas	48429
48	431	Sterling	Texas	48431
48	433	Stonewall	Texas	48433
48	435	Sutton	Texas	48435
48	437	Swisher	Texas	48437
48	439	Tarrant	Texas	48439
48	441	Taylor	Texas	48441
48	443	Terrell	Texas	48443
48	445	Terry	Texas	48445
48	447	Throckmorton	Texas	48447
48	449	Titus	Texas	48449
48	451	Tom Green	Texas	48451
48	453	Travis	Texas	48453
48	455	Trinity	Texas	48455
48	457	Tyler	Texas	48457
48	459	Upshur	Texas	48459
48	461	Upton	Texas	48461
48	463	Uvalde	Texas	48463
48	465	Val Verde	Texas	48465
48	467	Van Zandt	Texas	48467
48	469	Victoria	Texas	48469
48	471	Walker	Texas	48471
48	473	Waller	Texas	48473
48	475	Ward	Texas	48475
48	477	Washington	Texas	48477
48	479	Webb	Texas	48479
48	481	Wharton	Texas	48481
48	483	Wheeler	Texas	48483
48	485	Wichita	Texas	48485
48	487	Wilbarger	Texas	48487
48	489	Willacy	Texas	48489
48	491	Williamson	Texas	48491
48	493	Wilson	Texas	48493
48	495	Winkler	Texas	48495
48	497	Wise	Texas	48497
48	499	Wood	Texas	48499
48	501	Yoakum	Texas	48501
48	503	Young	Texas	48503
48	505	Zapata	Texas	48505
48	507	Zavala	Texas	48507
49	001	Beaver	Utah	49001
49	003	Box Elder	Utah	49003
49	005	Cache	Utah	49005
49	007	Carbon	Utah	49007
49	009	Daggett	Utah	49009
49	011	Davis	Utah	49011
49	013	Duchesne	Utah	49013
49	015	Emery	Utah	49015
49	017	Garfield	Utah	49017
49	019	Grand	Utah	49019
49	021	Iron	Utah	49021
49	023	Juab	Utah	49023
49	025	Kane	Utah	49025
49	027	Millard	Utah	49027
49	029	Morgan	Utah	49029
49	031	Piute	Utah	49031
49	033	Rich	Utah	49033
49	035	Salt Lake	Utah	49035
49	037	San Juan	Utah	49037
49	039	Sanpete	Utah	49039
49	041	Sevier	Utah	49041
49	043	Summit	Utah	49043
49	045	Tooele	Utah	49045
49	047	Uintah	Utah	49047
49	049	Utah	Utah	49049
49	051	Wasatch	Utah	49051
49	053	Washington	Utah	49053
49	055	Wayne	Utah	49055
49	057	Weber	Utah	49057
50	001	Addison	Vermont	50001
50	003	Bennington	Vermont	50003
50	005	Caledonia	Vermont	50005
50	007	Chittenden	Vermont	50007
50	009	Essex	Vermont	50009
50	011	Franklin	Vermont	50011
50	013	Grand Isle	Vermont	50013
50	015	Lamoille	Vermont	50015
50	017	Orange	Vermont	50017
50	019	Orleans	Vermont	50019
50	021	Rutland	Vermont	50021
50	023	Washington	Vermont	50023
50	025	Windham	Vermont	50025
50	027	Windsor	Vermont	50027
51	001	Accomack	Virginia	51001
51	003	Albemarle	Virginia	51003
51	005	Alleghany	Virginia	51005
51	007	Amelia	Virginia	51007
51	009	Amherst	Virginia	51009
51	011	Appomattox	Virginia	51011
51	013	Arlington	Virginia	51013
51	015	Augusta	Virginia	51015
51	017	Bath	Virginia	51017
51	019	Bedford	Virginia	51019
51	021	Bland	Virginia	51021
51	023	Botetourt	Virginia	51023
51	025	Brunswick	Virginia	51025
51	027	Buchanan	Virginia	51027
51	029	Buckingham	Virginia	51029
51	031	Campbell	Virginia	51031
51	033	Caroline	Virginia	51033
51	035	Carroll	Virginia	51035
51	036	Charles City	Virginia	51036
51	037	Charlotte	Virginia	51037
51	041	Chesterfield	Virginia	51041
51	043	Clarke	Virginia	51043
51	045	Craig	Virginia	51045
51	047	Culpeper	Virginia	51047
51	049	Cumberland	Virginia	51049
51	051	Dickenson	Virginia	51051
51	053	Dinwiddie	Virginia	51053
51	057	Essex	Virginia	51057
51	059	Fairfax	Virginia	51059
51	061	Fauquier	Virginia	51061
51	063	Floyd	Virginia	51063
51	065	Fluvanna	Virginia	51065
51	067	Franklin	Virginia	51067
51	069	Frederick	Virginia	51069
51	071	Giles	Virginia	51071
51	073	Gloucester	Virginia	51073
51	075	Goochland	Virginia	51075
51	077	Grayson	Virginia	51077
51	079	Greene	Virginia	51079
51	081	Greensville	Virginia	51081
51	083	Halifax	Virginia	51083
51	085	Hanover	Virginia	51085
51	087	Henrico	Virginia	51087
51	089	Henry	Virginia	51089
51	091	Highland	Virginia	51091
51	093	Isle of Wight	Virginia	51093
51	095	James City	Virginia	51095
51	097	King and Queen	Virginia	51097
51	099	King George	Virginia	51099
51	101	King William	Virginia	51101
51	103	Lancaster	Virginia	51103
51	105	Lee	Virginia	51105
51	107	Loudoun	Virginia	51107
51	109	Louisa	Virginia	51109
51	111	Lunenburg	Virginia	51111
51	113	Madison	Virginia	51113
51	115	Mathews	Virginia	51115
51	117	Mecklenburg	Virginia	51117
51	119	Middlesex	Virginia	51119
51	121	Montgomery	Virginia	51121
51	125	Nelson	Virginia	51125
51	127	New Kent	Virginia	51127
51	131	Northampton	Virginia	51131
51	133	Northumberland	Virginia	51133
51	135	Nottoway	Virginia	51135
51	137	Orange	Virginia	51137
51	139	Page	Virginia	51139
51	141	Patrick	Virginia	51141
51	143	Pittsylvania	Virginia	51143
51	145	Powhatan	Virginia	51145
51	147	Prince Edward	Virginia	51147
51	149	Prince George	Virginia	51149
51	153	Prince William	Virginia	51153
51	155	Pulaski	Virginia	51155
51	157	Rappahannock	Virginia	51157
51	159	Richmond	Virginia	51159
51	161	Roanoke	Virginia	51161
51	163	Rockbridge	Virginia	51163
51	165	Rockingham	Virginia	51165
51	167	Russell	Virginia	51167
51	169	Scott	Virginia	51169
51	171	Shenandoah	Virginia	51171
51	173	Smyth	Virginia	51173
51	175	Southampton	Virginia	51175
51	177	Spotsylvania	Virginia	51177
51	179	Stafford	Virginia	51179
51	181	Surry	Virginia	51181
51	183	Sussex	Virginia	51183
51	185	Tazewell	Virginia	51185
51	187	Warren	Virginia	51187
51	191	Washington	Virginia	51191
51	193	Westmoreland	Virginia	51193
51	195	Wise	Virginia	51195
51	197	Wythe	Virginia	51197
51	199	York	Virginia	51199
51	510	Alexandria city	Virginia	51510
51	520	Bristol city	Virginia	51520
51	530	Buena Vista city	Virginia	51530
51	540	Charlottesville city	Virginia	51540
51	550	Chesapeake city	Virginia	51550
51	570	Colonial Heights city	Virginia	51570
51	580	Covington city	Virginia	51580
51	590	Danville city	Virginia	51590
51	595	Emporia city	Virginia	51595
51	600	Fairfax city	Virginia	51600
51	610	Falls Church city	Virginia	51610
51	620	Franklin city	Virginia	51620
51	630	Fredericksburg city	Virginia	51630
51	640	Galax city	Virginia	51640
51	650	Hampton city	Virginia	51650
51	660	Harrisonburg city	Virginia	51660
51	670	Hopewell city	Virginia	51670
51	678	Lexington city	Virginia	51678
51	680	Lynchburg city	Virginia	51680
51	683	Manassas city	Virginia	51683
51	685	Manassas Park city	Virginia	51685
51	690	Martinsville city	Virginia	51690
51	700	Newport News city	Virginia	51700
51	710	Norfolk city	Virginia	51710
51	720	Norton city	Virginia	51720
51	730	Petersburg city	Virginia	51730
51	735	Poquoson city	Virginia	51735
51	740	Portsmouth city	Virginia	51740
51	750	Radford city	Virginia	51750
51	760	Richmond city	Virginia	51760
51	770	Roanoke city	Virginia	51770
51	775	Salem city	Virginia	51775
51	790	Staunton city	Virginia	51790
51	800	Suffolk city	Virginia	51800
51	810	Virginia Beach city	Virginia	51810
51	820	Waynesboro city	Virginia	51820
51	830	Williamsburg city	Virginia	51830
51	840	Winchester city	Virginia	51840
53	001	Adams	Washington	53001
53	003	Asotin	Washington	53003
53	005	Benton	Washington	53005
53	007	Chelan	Washington	53007
53	009	Clallam	Washington	53009
53	011	Clark	Washington	53011
53	013	Columbia	Washington	53013
53	015	Cowlitz	Washington	53015
53	017	Douglas	Washington	53017
53	019	Ferry	Washington	53019
53	021	Franklin	Washington	53021
53	023	Garfield	Washington	53023
53	025	Grant	Washington	53025
53	027	Grays Harbor	Washington	53027
53	029	Island	Washington	53029
53	031	Jefferson	Washington	53031
53	033	King	Washington	53033
53	035	Kitsap	Washington	53035
53	037	Kittitas	Washington	53037
53	039	Klickitat	Washington	53039
53	041	Lewis	Washington	53041
53	043	Lincoln	Washington	53043
53	045	Mason	Washington	53045
53	047	Okanogan	Washington	53047
53	049	Pacific	Washington	53049
53	051	Pend Oreille	Washington	53051
53	053	Pierce	Washington	53053
53	055	San Juan	Washington	53055
53	057	Skagit	Washington	53057
53	059	Skamania	Washington	53059
53	061	Snohomish	Washington	53061
53	063	Spokane	Washington	53063
53	065	Stevens	Washington	53065
53	067	Thurston	Washington	53067
53	069	Wahkiakum	Washington	53069
53	071	Walla Walla	Washington	53071
53	073	Whatcom	Washington	53073
53	075	Whitman	Washington	53075
53	077	Yakima	Washington	53077
54	001	Barbour	West Virginia	54001
54	003	Berkeley	West Virginia	54003
54	005	Boone	West Virginia	54005
54	007	Braxton	West Virginia	54007
54	009	Brooke	West Virginia	54009
54	011	Cabell	West Virginia	54011
54	013	Calhoun	West Virginia	54013
54	015	Clay	West Virginia	54015
54	017	Doddridge	West Virginia	54017
54	019	Fayette	West Virginia	54019
54	021	Gilmer	West Virginia	54021
54	023	Grant	West Virginia	54023
54	025	Greenbrier	West Virginia	54025
54	027	Hampshire	West Virginia	54027
54	029	Hancock	West Virginia	54029
54	031	Hardy	West Virginia	54031
54	033	Harrison	West Virginia	54033
54	035	Jackson	West Virginia	54035
54	037	Jefferson	West Virginia	54037
54	039	Kanawha	West Virginia	54039
54	041	Lewis	West Virginia	54041
54	043	Lincoln	West Virginia	54043
54	045	Logan	West Virginia	54045
54	047	McDowell	West Virginia	54047
54	049	Marion	West Virginia	54049
54	051	Marshall	West Virginia	54051
54	053	Mason	West Virginia	54053
54	055	Mercer	West Virginia	54055
54	057	Mineral	West Virginia	54057
54	059	Mingo	West Virginia	54059
54	061	Monongalia	West Virginia	54061
54	063	Monroe	West Virginia	54063
54	065	Morgan	West Virginia	54065
54	067	Nicholas	West Virginia	54067
54	069	Ohio	West Virginia	54069
54	071	Pendleton	West Virginia	54071
54	073	Pleasants	West Virginia	54073
54	075	Pocahontas	West Virginia	54075
54	077	Preston	West Virginia	54077
54	079	Putnam	West Virginia	54079
54	081	Raleigh	West Virginia	54081
54	083	Randolph	West Virginia	54083
54	085	Ritchie	West Virginia	54085
54	087	Roane	West Virginia	54087
54	089	Summers	West Virginia	54089
54	091	Taylor	West Virginia	54091
54	093	Tucker	West Virginia	54093
54	095	Tyler	West Virginia	54095
54	097	Upshur	West Virginia	54097
54	099	Wayne	West Virginia	54099
54	101	Webster	West Virginia	54101
54	103	Wetzel	West Virginia	54103
54	105	Wirt	West Virginia	54105
54	107	Wood	West Virginia	54107
54	109	Wyoming	West Virginia	54109
55	001	Adams	Wisconsin	55001
55	003	Ashland	Wisconsin	55003
55	005	Barron	Wisconsin	55005
55	007	Bayfield	Wisconsin	55007
55	009	Brown	Wisconsin	55009
55	011	Buffalo	Wisconsin	55011
55	013	Burnett	Wisconsin	55013
55	015	Calumet	Wisconsin	55015
55	017	Chippewa	Wisconsin	55017
55	019	Clark	Wisconsin	55019
55	021	Columbia	Wisconsin	55021
55	023	Crawford	Wisconsin	55023
55	025	Dane	Wisconsin	55025
55	027	Dodge	Wisconsin	55027
55	029	Door	Wisconsin	55029
55	031	Douglas	Wisconsin	55031
55	033	Dunn	Wisconsin	55033
55	035	Eau Claire	Wisconsin	55035
55	037	Florence	Wisconsin	55037
55	039	Fond du Lac	Wisconsin	55039
55	041	Forest	Wisconsin	55041
55	043	Grant	Wisconsin	55043
55	045	Green	Wisconsin	55045
55	047	Green Lake	Wisconsin	55047
55	049	Iowa	Wisconsin	55049
55	051	Iron	Wisconsin	55051
55	053	Jackson	Wisconsin	55053
55	055	Jefferson	Wisconsin	55055
55	057	Juneau	Wisconsin	55057
55	059	Kenosha	Wisconsin	55059
55	061	Kewaunee	Wisconsin	55061
55	063	La Crosse	Wisconsin	55063
55	065	Lafayette	Wisconsin	55065
55	067	Langlade	Wisconsin	55067
55	069	Lincoln	Wisconsin	55069
55	071	Manitowoc	Wisconsin	55071
55	073	Marathon	Wisconsin	55073
55	075	Marinette	Wisconsin	55075
55	077	Marquette	Wisconsin	55077
55	078	Menominee	Wisconsin	55078
55	079	Milwaukee	Wisconsin	55079
55	081	Monroe	Wisconsin	55081
55	083	Oconto	Wisconsin	55083
55	085	Oneida	Wisconsin	55085
55	087	Outagamie	Wisconsin	55087
55	089	Ozaukee	Wisconsin	55089
55	091	Pepin	Wisconsin	55091
55	093	Pierce	Wisconsin	55093
55	095	Polk	Wisconsin	55095
55	097	Portage	Wisconsin	55097
55	099	Price	Wisconsin	55099
55	101	Racine	Wisconsin	55101
55	103	Richland	Wisconsin	55103
55	105	Rock	Wisconsin	55105
55	107	Rusk	Wisconsin	55107
55	109	St. Croix	Wisconsin	55109
55	111	Sauk	Wisconsin	55111
55	113	Sawyer	Wisconsin	55113
55	115	Shawano	Wisconsin	55115
55	117	Sheboygan	Wisconsin	55117
55	119	Taylor	Wisconsin	55119
55	121	Trempealeau	Wisconsin	55121
55	123	Vernon	Wisconsin	55123
55	125	Vilas	Wisconsin	55125
55	127	Walworth	Wisconsin	55127
55	129	Washburn	Wisconsin	55129
55	131	Washington	Wisconsin	55131
55	133	Waukesha	Wisconsin	55133
55	135	Waupaca	Wisconsin	55135
55	137	Waushara	Wisconsin	55137
55	139	Winnebago	Wisconsin	55139
55	141	Wood	Wisconsin	55141
56	001	Albany	Wyoming	56001
56	003	Big Horn	Wyoming	56003
56	005	Campbell	Wyoming	56005
56	007	Carbon	Wyoming	56007
56	009	Converse	Wyoming	56009
56	011	Crook	Wyoming	56011
56	013	Fremont	Wyoming	56013
56	015	Goshen	Wyoming	56015
56	017	Hot Springs	Wyoming	56017
56	019	Johnson	Wyoming	56019
56	021	Laramie	Wyoming	56021
56	023	Lincoln	Wyoming	56023
56	025	Natrona	Wyoming	56025
56	027	Niobrara	Wyoming	56027
56	029	Park	Wyoming	56029
56	031	Platte	Wyoming	56031
56	033	Sheridan	Wyoming	56033
56	035	Sublette	Wyoming	56035
56	037	Sweetwater	Wyoming	56037
56	039	Teton	Wyoming	56039
56	041	Uinta	Wyoming	56041
56	043	Washakie	Wyoming	56043
56	045	Weston	Wyoming	56045
72	001	Adjuntas Municipio		72001
72	003	Aguada Municipio		72003
72	005	Aguadilla Municipio		72005
72	007	Aguas Buenas Municipio		72007
72	009	Aibonito Municipio		72009
72	011	Aasco Municipio		72011
72	013	Arecibo Municipio		72013
72	015	Arroyo Municipio		72015
72	017	Barceloneta Municipio		72017
72	019	Barranquitas Municipio		72019
72	021	Bayamn Municipio		72021
72	023	Cabo Rojo Municipio		72023
72	025	Caguas Municipio		72025
72	027	Camuy Municipio		72027
72	029	Canvanas Municipio		72029
72	031	Carolina Municipio		72031
72	033	Catao Municipio		72033
72	035	Cayey Municipio		72035
72	037	Ceiba Municipio		72037
72	039	Ciales Municipio		72039
72	041	Cidra Municipio		72041
72	043	Coamo Municipio		72043
72	045	Comero Municipio		72045
72	047	Corozal Municipio		72047
72	049	Culebra Municipio		72049
72	051	Dorado Municipio		72051
72	053	Fajardo Municipio		72053
72	054	Florida Municipio		72054
72	055	Gunica Municipio		72055
72	057	Guayama Municipio		72057
72	059	Guayanilla Municipio		72059
72	061	Guaynabo Municipio		72061
72	063	Gurabo Municipio		72063
72	065	Hatillo Municipio		72065
72	067	Hormigueros Municipio		72067
72	069	Humacao Municipio		72069
72	071	Isabela Municipio		72071
72	073	Jayuya Municipio		72073
72	075	Juana Daz Municipio		72075
72	077	Juncos Municipio		72077
72	079	Lajas Municipio		72079
72	081	Lares Municipio		72081
72	083	Las Maras Municipio		72083
72	085	Las Piedras Municipio		72085
72	087	Loza Municipio		72087
72	089	Luquillo Municipio		72089
72	091	Manat Municipio		72091
72	093	Maricao Municipio		72093
72	095	Maunabo Municipio		72095
72	097	Mayagez Municipio		72097
72	099	Moca Municipio		72099
72	101	Morovis Municipio		72101
72	103	Naguabo Municipio		72103
72	105	Naranjito Municipio		72105
72	107	Orocovis Municipio		72107
72	109	Patillas Municipio		72109
72	111	Peuelas Municipio		72111
72	113	Ponce Municipio		72113
72	115	Quebradillas Municipio		72115
72	117	Rincn Municipio		72117
72	119	Ro Grande Municipio		72119
72	121	Sabana Grande Municipio		72121
72	123	Salinas Municipio		72123
72	125	San Germn Municipio		72125
72	127	San Juan Municipio		72127
72	129	San Lorenzo Municipio		72129
72	131	San Sebastin Municipio		72131
72	133	Santa Isabel Municipio		72133
72	135	Toa Alta Municipio		72135
72	137	Toa Baja Municipio		72137
72	139	Trujillo Alto Municipio		72139
72	141	Utuado Municipio		72141
72	143	Vega Alta Municipio		72143
72	145	Vega Baja Municipio		72145
72	147	Vieques Municipio		72147
72	149	Villalba Municipio		72149
72	151	Yabucoa Municipio		72151
72	153	Yauco Municipio		72153
